sample_id,wav_path,text,language,duration_sec,primary_emotion,secondary_emotions,intensity,reference_score,is_reference_candidate,reason,notes
MAY_0000,data/raw/wav/MAY_0000.wav,ねえねえ何ブツブツ言ってるの。,ja,3.584,teasing,,2,4,True,文本完整，带有轻微调侃语气，时长适中，适合作为参考。,
MAY_0001,data/raw/wav/MAY_0001.wav,おかりん、ねえってば。,ja,3.44,teasing,,2,3,True,呼唤特定昵称，语气略带撒娇或催促，时长合适，但略有上下文依赖。,
MAY_0002,data/raw/wav/MAY_0002.wav,誰かと電話中。,ja,1.621,neutral,,1,2,False,时长明显过短，且文本偏向旁白或状态描述，缺乏完整对话语境。,
MAY_0003,data/raw/wav/MAY_0003.wav,さっき携帯で誰と話してたの。,ja,3.365,serious,,2,4,True,疑问句结构完整，语气明确，时长适中，适合单句参考。,
MAY_0004,data/raw/wav/MAY_0004.wav,あそうなんだオカリありがとう。,ja,3.909,gentle,,2,4,True,表达感谢与回应，语气温和自然，时长合适，适合作为参考。,
MAY_0005,data/raw/wav/MAY_0005.wav,それよりオカリオカリ。,ja,2.267,teasing,neutral,2,3,True,文本完整，带有转换话题的轻松语气，时长合适。,“それより”略带上下文依赖，但单句发音清晰可用。
MAY_0006,data/raw/wav/MAY_0006.wav,へえでも昔からそう呼んでたよ。,ja,3.477,neutral,gentle,2,4,True,句子完整独立，语气自然平和，时长适中，适合作为参考。,
MAY_0007,data/raw/wav/MAY_0007.wav,だって難しくて覚えられないし。,ja,3.424,neutral,gentle,2,3,True,语气自然，但带有因果连接词，略有上下文依赖，整体仍可用。,“だって”开头需结合前文理解，但单句结构完整。
MAY_0008,data/raw/wav/MAY_0008.wav,あそれに岡部凛太郎と一文字も合ってないよ。おかしいね。,ja,7.536,teasing,happy,3,4,True,语义完整，带有轻微调侃与疑惑语气，时长在合理区间内。,双句组合信息量适中，情绪表达明确。
MAY_0009,data/raw/wav/MAY_0009.wav,でね、オカリ、えっと、教えてほしいんだけど。,ja,4.619,gentle,neutral,2,4,True,包含自然停顿与请求语气，情感明确，时长合适，适合参考。,口语化填充词较多，但符合真实对话特征。
MAY_0010,data/raw/wav/MAY_0010.wav,これからここで何が始まるの。,ja,3.04,neutral,worried,2,4,True,句子完整，带有轻微的好奇与期待，时长适中，适合作为参考。,
MAY_0012,data/raw/wav/MAY_0012.wav,記者会見?でも記者さんなんて見当たらない気がするよ。,ja,6.384,neutral,worried,2,4,True,语义完整，带有疑惑语气，时长合适，适合单句参考。,
MAY_0013,data/raw/wav/MAY_0013.wav,うん......巻き巻きトカゲ?あ、あそれを言うなら襟巻きトカゲだね。へへ。,ja,8.757,happy,"teasing,embarrassed",3,3,False,带有自言自语和轻笑，情绪明确但时长略超上限，含自我修正。,时长8.7秒略长，需注意断句
MAY_0014,data/raw/wav/MAY_0014.wav,地震かな。震度二?あ、マグニチュード二?震度とマグニチュードってどう違うんだっけ?,ja,10.293,neutral,worried,2,2,False,时长明显过长，包含连续疑问与知识性探讨，上下文依赖较强。,多句拼接感强，不适合作为单句基准
MAY_0016,data/raw/wav/MAY_0016.wav,あのねウーパが欲しいなって。,ja,3.669,gentle,,2,5,True,语气柔和自然，表达明确愿望，时长完美，极适合作为参考。,
MAY_0017,data/raw/wav/MAY_0017.wav,でもねマユシは今百円玉を切らしちゃっているのです。,ja,5.515,gentle,neutral,2,4,True,句子完整，时长适中，语气偏向日常温和解释，适合作为参考。,
MAY_0018,data/raw/wav/MAY_0018.wav,だからオカリオカリ百円貸して。,ja,5.152,teasing,happy,3,4,True,带有俏皮请求语气，语义完整且时长符合标准，适合参考。,
MAY_0019,data/raw/wav/MAY_0019.wav,ああああ。,ja,1.92,other,,2,2,False,仅为语气词，缺乏完整语义，时长略低于建议区间，不适合独立参考。,
MAY_0020,data/raw/wav/MAY_0020.wav,ああウーパだよしかもメタルメタルウーパ。,ja,5.008,excited,happy,4,4,True,情绪明确且饱满，句子完整，时长合适，适合表现惊喜语气。,
MAY_0021,data/raw/wav/MAY_0021.wav,すごく。,ja,1.013,neutral,,2,1,False,仅为副词残句，时长过短且严重依赖上下文，不适合作为参考。,
MAY_0022,data/raw/wav/MAY_0022.wav,本当いいの、ヒカリ。,ja,3.168,gentle,,2,4,True,语气偏向安抚，句子完整独立，时长在理想区间。,
MAY_0023,data/raw/wav/MAY_0023.wav,へえありがとうカリー。,ja,2.875,happy,,2,4,True,表达感谢，情绪明确自然，适合单句参考。,
MAY_0024,data/raw/wav/MAY_0024.wav,ああ待って待って名前書かなくちゃ。,ja,3.637,worried,excited,3,4,True,带有轻微焦急感，语义完整，无强上下文依赖。,
MAY_0025,data/raw/wav/MAY_0025.wav,タイムマシンあの人が作ったの。,ja,4.043,serious,,2,4,True,陈述关键信息，语气平稳完整，适合作为基准参考。,
MAY_0026,data/raw/wav/MAY_0026.wav,あっお帰りメタルーパがいなくなっちゃった。,ja,5.008,worried,sad,3,4,True,包含突发状况的担忧，句子结构完整，情绪指向明确。,
MAY_0027,data/raw/wav/MAY_0027.wav,落としたみたい。,ja,1.691,worried,,2,2,False,时长不足2秒，文本较短，情绪轻微担忧，不适合作为独立参考。,时长偏短
MAY_0028,data/raw/wav/MAY_0028.wav,あたりっこないよ。だってね、メタルーパはネットオークションで一万円近いプレミアがついてるんだよ。,ja,8.72,serious,teasing,3,3,False,句子完整但时长略超8秒，情绪为认真解释，适合作为参考但需注意长度。,时长稍长
MAY_0029,data/raw/wav/MAY_0029.wav,わかんないから探してるんだよ。あと見つけても売らないからね。,ja,6.571,serious,,3,4,True,时长适中，语义完整独立，情绪明确偏向认真坚持。,适合作为参考
MAY_0030,data/raw/wav/MAY_0030.wav,だから占いってばマユシの名前書いちゃったし。,ja,5.24,embarrassed,,2,4,True,时长合适，句子完整，带有轻微懊恼或不好意思的情绪。,情绪自然
MAY_0031,data/raw/wav/MAY_0031.wav,トゥトゥルウーパさんウーパさん出ておいで。,ja,5.136,gentle,happy,3,4,True,时长适中，为完整的呼唤句，情绪偏向温柔期待。,适合呼唤类参考
MAY_0032,data/raw/wav/MAY_0032.wav,お帰りもね。,ja,1.248,gentle,,2,2,False,时长不足2秒，过于简短，不适合作为独立参考音频。,日常寒暄回应
MAY_0033,data/raw/wav/MAY_0033.wav,夢かな。,ja,2.709,neutral,,2,3,True,时长合适，语义完整，情绪平稳，适合作为参考。,独白感较强
MAY_0034,data/raw/wav/MAY_0034.wav,オカリどうしたの?,ja,2.709,worried,,3,4,True,疑问句情绪明确，时长适中，适合单句参考。,使用昵称，语气关切
MAY_0035,data/raw/wav/MAY_0035.wav,ねえねえ何があったの顔色すごく悪いけど。,ja,5.131,worried,,4,5,True,句子完整，关切情绪强烈且明确，时长理想，极适合作为参考。,连续发问，语气急切
MAY_0037,data/raw/wav/MAY_0037.wav,そうなんだ。悪いことしちゃだめなんだよ、オカリン。,ja,5.333,serious,,3,4,True,劝诫语气明确，时长合适，语义完整，适合作为参考。,带有叮嘱意味
MAY_0038,data/raw/wav/MAY_0038.wav,おかりんおかりんそこはラボメンって言わなきゃ所属研究員じゃなくて。,ja,6.725,gentle,,2,4,True,文本完整，带有亲昵纠正语气，时长合适。,
MAY_0039,data/raw/wav/MAY_0039.wav,おかりんって呼び方の方が可愛いのに。,ja,3.376,happy,,2,5,True,表达明确偏好，独立成句，情感自然。,
MAY_0040,data/raw/wav/MAY_0040.wav,ってってれえマユシーです。着るんじゃなくて作るのが趣味だよ。,ja,5.205,happy,,3,4,True,自我介绍与兴趣说明，情绪明朗，适合参考。,
MAY_0041,data/raw/wav/MAY_0041.wav,あ今その人ニヤリって笑った。,ja,3.776,neutral,,2,4,True,客观描述带轻微惊讶，语义完整。,
MAY_0042,data/raw/wav/MAY_0042.wav,通じないんじゃないかな。,ja,2.123,worried,,2,4,True,表达合理疑虑，句子独立，时长达标。,
MAY_0043,data/raw/wav/MAY_0043.wav,その人にしてみたらまゆしいたちがゲームみたいに見えてるのかな。,ja,5.419,neutral,,2,4,True,句子完整，时长合适，带有轻微的思考与推测语气。,
MAY_0044,data/raw/wav/MAY_0044.wav,うんじゃあダルくんの大好きな二次元の女の子たちもそうなの。,ja,5.051,teasing,,3,4,True,语气轻松带调侃，句子完整且时长适中。,
MAY_0045,data/raw/wav/MAY_0045.wav,はあ針指に刺さった。,ja,5.237,worried,,3,3,True,表达轻微痛感与惊讶，时长合适，但口语化略强。,
MAY_0046,data/raw/wav/MAY_0046.wav,マユシはオカリナの人質だからここにいようと思います。,ja,5.083,serious,,3,5,True,句子结构完整，语气坚定且带有角色特色，非常适合作为参考。,
MAY_0047,data/raw/wav/MAY_0047.wav,きっとねアルパカさんが怒っちゃったんだよ。,ja,4.272,gentle,,2,4,True,语气带有推测与安抚意味，句子完整，时长适中。,
MAY_0048,data/raw/wav/MAY_0048.wav,どうかした。,ja,1.36,worried,,2,2,False,时长不足2秒，文本较短且依赖上下文。,关切语气但偏短
MAY_0049,data/raw/wav/MAY_0049.wav,うん?,ja,1.067,neutral,,1,1,False,仅为语气词，时长过短，高度依赖上下文。,不适合独立参考
MAY_0050,data/raw/wav/MAY_0050.wav,わあああ。,ja,3.051,excited,,4,3,False,纯感叹词缺乏完整语义，虽时长合适但不适合作为通用语音参考。,情绪强烈但语义单一
MAY_0051,data/raw/wav/MAY_0051.wav,見てない。,ja,4.08,neutral,,2,4,True,句子完整独立，时长适中，情绪明确，适合作为参考。,语义清晰独立
MAY_0052,data/raw/wav/MAY_0052.wav,歩いてたかな。,ja,1.776,neutral,,2,2,False,时长略短，带有推测语气，上下文依赖性较强。,偏内心独白
MAY_0053,data/raw/wav/MAY_0053.wav,うんそれは仕方ないと思うよ。,ja,3.84,neutral,,2,5,True,文本完整独立，语气平和自然，时长适中，非常适合作为中性参考。,
MAY_0054,data/raw/wav/MAY_0054.wav,とにかくね、最初からこの辺には誰もいなかったよ。ああ、あそっか、オカリは幻を見てたんだね。,ja,9.648,neutral,,2,2,False,时长超标且包含两层独立语义，句子偏长，不适合作为单句参考。,建议拆分后使用
MAY_0055,data/raw/wav/MAY_0055.wav,きっとこの暑さのせいだよ。トゥッテル。,ja,4.139,neutral,,2,4,True,文本完整，语气平稳，时长合适，适合作为日常陈述参考。,
MAY_0056,data/raw/wav/MAY_0056.wav,わあびっくりしたね。,ja,3.093,excited,,3,5,True,情绪明确（惊讶），句子简短完整，时长极佳，适合做情绪参考。,
MAY_0057,data/raw/wav/MAY_0057.wav,ドカーンってすっごい音がしたもん。,ja,3.531,excited,,3,4,True,文本完整，带有感叹与强调语气，时长适中，适合参考。,含拟声词，需注意发音连贯性
MAY_0058,data/raw/wav/MAY_0058.wav,来たのかな宇宙人さん乗ってるのかな。,ja,4.757,neutral,,2,4,True,文本完整，时长适中，带有轻微的好奇与推测语气，适合作为参考。,
MAY_0059,data/raw/wav/MAY_0059.wav,あっごめんなさい。,ja,1.616,embarrassed,,3,2,False,时长明显过短，且为常见短句，信息量不足，不适合作为参考。,
MAY_0060,data/raw/wav/MAY_0060.wav,おかリンは本当にドクターペッパーさんが大好きだよね。,ja,3.99,gentle,,2,4,True,句子完整自然，时长合适，语气亲切温和，适合提取音色特征。,
MAY_0061,data/raw/wav/MAY_0061.wav,またゲルバナ作るの。,ja,2.427,teasing,,3,4,True,文本完整，带有轻微的调侃与疑问语气，时长符合标准。,
MAY_0062,data/raw/wav/MAY_0062.wav,だってねゲルバナはゲルバナだもん。,ja,3.461,happy,teasing,3,4,True,句式完整且带有角色特有的俏皮辩解感，时长适中，适合参考。,
MAY_0063,data/raw/wav/MAY_0063.wav,なんでいつもいつも一房まるごと入れるの もったいないよ。,ja,6.357,teasing,gentle,2,4,True,文本完整，语气带轻微调侃与抱怨，时长适中，适合单句参考。,
MAY_0064,data/raw/wav/MAY_0064.wav,勝たなくてもいいよ。あのね、バナナはマユシーが買ってきてるんだからね。おかげでマユシーはちっともバナナが食べられません。,ja,10.581,gentle,worried,2,2,False,时长超出建议区间，句子偏长且含多段叙述，不适合作为单句参考。,
MAY_0065,data/raw/wav/MAY_0065.wav,R E N G こちらは電話レンジ かっこかりです。,ja,8.192,neutral,,1,2,False,偏向功能说明与字母拼读，情绪平淡且时长略超上限。,
MAY_0066,data/raw/wav/MAY_0066.wav,マユシの声聞こえてきた。,ja,2.933,neutral,,1,3,True,文本完整简短，时长合适，适合作为中性陈述参考。,偏旁白/陈述语气
MAY_0067,data/raw/wav/MAY_0067.wav,こちらからタイマー操作ができます。,ja,3.893,neutral,,1,4,True,文本完整清晰，时长适中，适合作为中性说明语气参考。,
MAY_0068,data/raw/wav/MAY_0068.wav,シャープボタンを押した後、温めたい秒数をプッシュしてください。,ja,7.152,neutral,,2,5,True,完整设备操作指引，语气平稳客观，时长标准，极适合作为中性基准参考。,
MAY_0069,data/raw/wav/MAY_0069.wav,例えば一分ならシャープ六零。,ja,4.997,neutral,,1,4,True,举例说明句，语义相对独立完整，时长合适，适合作为中性参考。,略带上下文依赖，但单句可独立使用。
MAY_0070,data/raw/wav/MAY_0070.wav,二分ならシャープ一二零です。,ja,5.008,neutral,,1,4,True,延续性举例，句式完整清晰，时长适中，适合参考。,与前句结构相似，可作中性语调补充。
MAY_0071,data/raw/wav/MAY_0071.wav,ゲル花のできあがりー。,ja,2.485,happy,excited,3,4,True,完成宣告句，尾音拖长带有轻松愉快感，时长在合理区间，情绪明确。,
MAY_0072,data/raw/wav/MAY_0072.wav,なんかねゲルバナは中身がデロデロでブニュブニュだったよ。,ja,6.805,happy,teasing,3,4,True,口语化体验分享，拟声词使用带来生动感，语义完整，适合参考。,语气偏日常闲聊，情绪自然。
MAY_0073,data/raw/wav/MAY_0073.wav,味もしないし全然美味しくなかった。,ja,4.677,neutral,,2,4,True,文本完整，表达明确的失望评价，语气平稳，时长合适。,
MAY_0074,data/raw/wav/MAY_0074.wav,だるくんだるくん鼻血出てる。,ja,3.707,worried,,3,4,True,文本完整，陈述突发状况，带有轻微担忧情绪，时长合适。,
MAY_0075,data/raw/wav/MAY_0075.wav,あなたのバナナ分乳部。,ja,3.205,other,,1,2,False,语义晦涩且高度依赖上下文，疑似特定设定台词或残句，不适合通用参考。,
MAY_0076,data/raw/wav/MAY_0076.wav,冷凍の逆なら解凍じゃないのかな。,ja,4.608,neutral,,2,4,True,文本完整，为逻辑推测与疑问句式，语气自然，时长合适。,
MAY_0077,data/raw/wav/MAY_0077.wav,じゃあどういうこと。,ja,2.117,serious,,2,3,True,完整疑问句，但含承接词略有上下文依赖，时长偏短，仍具参考价值。,
MAY_0078,data/raw/wav/MAY_0078.wav,あれれ?おかりんだ。出てる。,ja,3.696,neutral,,2,4,True,文本完整，语气自然，时长在理想区间，适合作为日常对话参考。,带有轻微惊讶感，发音清晰。
MAY_0079,data/raw/wav/MAY_0079.wav,ああアキバの武器屋本舗で買ったやつでしょ九百八十円だっけ。,ja,7.483,neutral,,2,4,True,句子完整连贯，信息明确，时长接近上限但仍可接受，适合陈述语气参考。,语速可能偏快，但文本逻辑完整。
MAY_0080,data/raw/wav/MAY_0080.wav,え消されちゃうの?ほかり心配してくれてありがとう。あでもでも奴らって誰かな?,ja,10.267,worried,happy,3,2,False,时长超标，情绪多次转换且含上下文依赖词，不适合作为单句参考。,包含多个短句拼接，语境跳跃。
MAY_0081,data/raw/wav/MAY_0081.wav,おかりんだよ。,ja,1.253,neutral,,1,2,False,时长明显过短，文本过于简短，缺乏足够特征供模型学习。,仅适合极短提示音，参考价值有限。
MAY_0082,data/raw/wav/MAY_0082.wav,美しいステ関係だね。へへへ、まゆしは腐女子じゃないけど、ちょっとドキドキしてきちゃうよ。,ja,10.011,happy,teasing,3,2,False,时长超标，包含较多语气词与特定情境独白，通用性较低。,角色自称明显，情绪偏向特定互动场景。
MAY_0083,data/raw/wav/MAY_0083.wav,ルカ君に会いに来たんだよ。,ja,2.272,happy,,2,4,True,文本完整独立，语气自然轻快，时长在推荐区间内，适合作为参考。,
MAY_0084,data/raw/wav/MAY_0084.wav,来月のコミまでライネットのキラリちゃんコスをしてほしいってずっと頼んでるのにちっともオッケしてくれないんだよ。,ja,9.888,teasing,worried,3,2,False,句子过长且时长接近10秒，超出推荐区间，不适合作为单句参考。,
MAY_0085,data/raw/wav/MAY_0085.wav,でもでもルカ君は絶対似合うと思うんだ。,ja,4.405,happy,excited,3,5,True,时长适中，语义完整且情绪积极明确，非常适合作为参考音频。,
MAY_0086,data/raw/wav/MAY_0086.wav,こんな可愛い子が女の子のはずがないって大人気になるよねしようよコスプレデビュー。,ja,8.848,excited,teasing,4,3,False,时长略超上限，且文本为口语连读缺乏标点断句，情绪转换较快，参考适配度一般。,
MAY_0087,data/raw/wav/MAY_0087.wav,へえ、繭神にとっては大事なことだもん。,ja,4.283,gentle,,2,4,True,时长合适，语气平和自然，语义完整，适合作为中性偏温柔的参考。,
MAY_0088,data/raw/wav/MAY_0088.wav,ははは今の香りの説明ゆとりっぽいね。,ja,5.247,happy,teasing,3,5,True,文本完整，带有笑声与轻松调侃语气，时长在理想区间内。,
MAY_0089,data/raw/wav/MAY_0089.wav,じゃあマユシー はこれからバイトだからもう行くね。,ja,4.434,neutral,,2,4,True,日常告别语句，语义完整独立，语气自然平稳，时长合适。,
MAY_0091,data/raw/wav/MAY_0091.wav,というわけでまた明日ね。,ja,2.768,neutral,,2,4,True,标准结束语，文本完整，语气平稳，时长符合推荐范围。,
MAY_0092,data/raw/wav/MAY_0092.wav,姫。,ja,1.164,neutral,,2,2,False,仅含单一称呼词，时长过短且高度依赖上下文，不适合作为独立参考。,
MAY_0093,data/raw/wav/MAY_0093.wav,うん、それっていつのこと?,ja,4.824,neutral,,2,4,True,完整疑问句，语义清晰，语气自然，时长在理想区间。,
MAY_0094,data/raw/wav/MAY_0094.wav,聞いてないかな。,ja,2.124,neutral,,2,4,True,句子完整，语气自然日常，时长符合标准，适合作为中性参考。,
MAY_0095,data/raw/wav/MAY_0095.wav,変なおかりい。,ja,1.808,other,,2,2,False,时长略低于建议区间，文本疑似识别误差或语义不完整，不适合作为参考。,文本可能存在ASR错误
MAY_0096,data/raw/wav/MAY_0096.wav,じゃあね、トゥトゥル。,ja,2.188,happy,gentle,3,4,True,告别用语完整，情绪轻松友好，时长适中，适合日常互动参考。,
MAY_0097,data/raw/wav/MAY_0097.wav,お帰りなさいませご主人様。,ja,2.916,gentle,,3,5,True,句式完整标准，情绪礼貌温和，时长完美，极适合作为高质量参考。,典型服务/女仆场景用语
MAY_0098,data/raw/wav/MAY_0098.wav,ああオカリナ。,ja,2.113,neutral,,2,3,True,句子较短但语义完整，情绪为轻微感叹，时长达标，可作为基础参考。,
MAY_0099,data/raw/wav/MAY_0099.wav,お帰りお帰りなさいませ。,ja,2.668,gentle,,2,4,True,文本完整，时长合适，情绪明确为温和欢迎。,礼貌用语，适合做基础参考。
MAY_0100,data/raw/wav/MAY_0100.wav,ねえねえオカリマユシイは今気づいたんだけどね。,ja,5.318,excited,happy,3,4,True,文本完整，口语化表达自然，情绪偏向兴奋分享。,适合日常对话参考。
MAY_0101,data/raw/wav/MAY_0101.wav,おかりんとおかえりって似てるね。,ja,5.136,teasing,happy,2,4,True,文本完整，带有轻松调侃意味，时长适中。,适合轻快语气参考。
MAY_0102,data/raw/wav/MAY_0102.wav,えっとね、なんかわからないけど、マユシーもサンクチュアリっていうところに行きたいな。,ja,11.221,gentle,worried,2,2,False,时长明显超出建议区间，且开头带有犹豫语气，连贯性稍弱。,需剪辑或降权使用。
MAY_0103,data/raw/wav/MAY_0103.wav,ええ。,ja,1.328,neutral,,1,1,False,文本过短且为单字应答，缺乏完整情绪表达。,仅适合极短反馈音。
MAY_0104,data/raw/wav/MAY_0104.wav,そうだよマユシもフェリスちゃんもダメなんてねオカリナ冷たいと思うのです。,ja,7.653,gentle,sad,2,4,True,文本完整，时长合适，带有轻微抱怨与撒娇语气，情绪明确。,
MAY_0105,data/raw/wav/MAY_0105.wav,フェリスちゃんはフェリスちゃんだよ。ねえ。,ja,3.925,gentle,,2,4,True,句子完整，语气肯定且柔和，适合作为参考。,
MAY_0106,data/raw/wav/MAY_0106.wav,あのねマユシは言いにくいからフェリスちゃんって短くしてるんだ。,ja,5.92,neutral,,2,4,True,解释性语句，结构完整，时长适中，情绪平稳。,
MAY_0107,data/raw/wav/MAY_0107.wav,任せてにゃんにゃん。,ja,1.675,happy,teasing,3,2,False,时长明显过短（不足2秒），信息量有限，不适合作为单句参考。,
MAY_0108,data/raw/wav/MAY_0108.wav,だるくん、おかリンが来たにゃん。,ja,2.891,happy,,3,4,True,文本完整，带有角色口癖，情绪轻快明确，时长合适。,
MAY_0109,data/raw/wav/MAY_0109.wav,フェリスちゃんもオカリナのこと気に入ってるみたいだにゃ。,ja,3.952,gentle,,2,5,True,文本完整，语气自然温和，时长适中，适合作为参考。,
MAY_0110,data/raw/wav/MAY_0110.wav,お店の子お店に来るご主人様たちみんな含めてフェリスちゃんのお話についていけるのはねおかりんだけだもんにゃ。,ja,11.013,neutral,,2,2,False,句子过长且信息密集，超出理想时长，不适合作为单句参考。,
MAY_0111,data/raw/wav/MAY_0111.wav,んでえご主人様ご注文はお決まりですかにゃ。,ja,4.917,gentle,,2,5,True,完整的服务用语，语气礼貌自然，时长合适，适合参考。,
MAY_0112,data/raw/wav/MAY_0112.wav,かしこまりましにゃんにゃん。,ja,1.813,happy,,3,2,False,时长过短，文本为简短应答，缺乏完整语境，参考性较弱。,
MAY_0113,data/raw/wav/MAY_0113.wav,R E N G こちらは電話レンジ です。,ja,8.16,neutral,,1,3,False,文本完整清晰，但时长略超上限，情绪偏中性，可作为基础参考。,
MAY_0114,data/raw/wav/MAY_0114.wav,こちらからタイマー操作ができます。,ja,3.947,neutral,,1,4,True,文本完整，为标准操作说明，情绪平稳，时长合适。,适合作为中性说明类语音参考。
MAY_0115,data/raw/wav/MAY_0115.wav,シャープボタンを押した後、温めたい秒数をプッシュしてください。,ja,7.131,neutral,,1,4,True,句子完整清晰，为标准操作指引，时长在合理区间内。,语速适中，适合作为长句参考。
MAY_0116,data/raw/wav/MAY_0116.wav,例えば一分ならシャープ六零。,ja,4.992,neutral,,1,3,True,文本为举例说明，语义相对独立，但略带上下文依赖感。,可作为中性参考，但优先级略低。
MAY_0117,data/raw/wav/MAY_0117.wav,二分ならシャープ一二零です。,ja,5.024,neutral,,1,3,True,承接上文的举例说明，语义基本完整，适合中性语气参考。,建议结合上下文使用。
MAY_0118,data/raw/wav/MAY_0118.wav,ただいまー あー おなかすいたー。,ja,5.413,happy,gentle,3,5,True,情绪鲜明自然，口语化表达完整，非常适合作为角色日常语气参考。,拖音体现放松状态，情感特征明显。
MAY_0119,data/raw/wav/MAY_0119.wav,唐揚げ食べようっと、ジューシー唐揚げナンバーワン。,ja,5.621,happy,,3,4,True,文本完整，语气轻松愉快，时长适中，适合作为日常开心状态的参考。,
MAY_0120,data/raw/wav/MAY_0120.wav,おかり、バナナ買っといてくれた?ねえ、おかり。,ja,5.867,teasing,,3,4,True,句子完整，带有日常询问与亲昵呼唤语气，情绪明确且时长合适。,包含昵称互动，适合轻松对话参考。
MAY_0121,data/raw/wav/MAY_0121.wav,あれれ お客さん。,ja,2.392,other,,2,3,True,短句但完整，带有轻微惊讶与招呼语气，时长偏短但可用。,适合短促反应或轻微惊讶参考。
MAY_0122,data/raw/wav/MAY_0122.wav,マユシイです。よろしくね。,ja,2.448,gentle,,2,5,True,标准自我介绍，语气礼貌温和，结构完整清晰，非常适合作为基准参考。,
MAY_0123,data/raw/wav/MAY_0123.wav,へえ本当すごい女の子のラボメンだ。,ja,5.784,excited,,3,4,True,表达赞叹与惊喜，情绪明确，句子完整且时长适中。,适合表达钦佩或发现新事物时的参考。
MAY_0124,data/raw/wav/MAY_0124.wav,みんなも唐揚げ食べる一個ずつなら揚げてもいいよ。,ja,4.92,gentle,,2,4,True,句子完整独立，语气自然温和，时长在理想区间内，适合单句参考。,日常分享语气，预期发音清晰
MAY_0125,data/raw/wav/MAY_0125.wav,ああマヨシーのバナナが。,ja,3.368,worried,,2,2,False,句末助词导致语义未尽，属于残句，高度依赖上下文。,语气中断，不适合独立推理
MAY_0126,data/raw/wav/MAY_0126.wav,ける花になってるよ。,ja,3.16,neutral,,1,2,False,文本疑似截断或存在语病，独立表意不完整，降低参考分。,“ける”可能为动词残片
MAY_0127,data/raw/wav/MAY_0127.wav,これマユシのなのに。,ja,3.688,teasing,,2,2,False,句末语气词使句子未完结，情绪表达依赖前后语境。,带有轻微抱怨/撒娇口吻
MAY_0128,data/raw/wav/MAY_0128.wav,もうどうしていつもマユシの食べ物で実験するの。,ja,5.552,serious,worried,3,5,True,句子结构完整，情绪指向明确（无奈/质问），时长合适，极适合作为参考。,完整疑问句，情绪饱满且独立
MAY_0129,data/raw/wav/MAY_0129.wav,あもしかしてこの唐揚げも実験してるのかな。,ja,5.352,neutral,worried,2,4,True,文本完整，时长适中，语气带有轻微猜测，适合作为参考。,
MAY_0131,data/raw/wav/MAY_0131.wav,わあああ。,ja,1.28,excited,,4,2,False,时长明显过短且仅为感叹词，缺乏完整语义，不适合参考。,
MAY_0132,data/raw/wav/MAY_0132.wav,お、お帰り。ええと、何が起きたのかな。,ja,7.232,worried,embarrassed,3,4,True,文本完整，带有迟疑与关切情绪，时长在合理区间，适合参考。,
MAY_0133,data/raw/wav/MAY_0133.wav,うん、どこも痛くないから平気だと思うけど。,ja,7.024,gentle,,2,5,True,语义完整清晰，语气平稳安抚，时长理想，非常适合作为参考。,
MAY_0135,data/raw/wav/MAY_0135.wav,ああ黒焦げだー!まゆしのからあげ。,ja,6.608,excited,sad,3,4,True,文本完整，情绪明确（惊讶与惋惜），时长合适，适合作为参考。,
MAY_0136,data/raw/wav/MAY_0136.wav,どうでもいいなんてあんまりだよ。えっと、クリスティーナちゃん。,ja,8.064,gentle,teasing,2,3,False,文本完整，语气温和带轻微嗔怪，时长略超8秒但整体连贯可用。,时长微超建议区间上限
MAY_0137,data/raw/wav/MAY_0137.wav,トゥトゥルー おはよう。,ja,2.576,happy,,3,4,True,标准问候语，情绪明朗轻快，时长合适。,
MAY_0138,data/raw/wav/MAY_0138.wav,うん二人が二日連続徹夜って聞いたからね差し入れ買ってきたよ。,ja,6.736,gentle,,2,5,True,句子完整连贯，关怀语气明确，时长完美契合区间。,
MAY_0139,data/raw/wav/MAY_0139.wav,じゃーんおでん缶。,ja,3.144,happy,excited,3,4,True,语气活泼，展示物品意图清晰，时长适中。,
MAY_0140,data/raw/wav/MAY_0140.wav,マユシからのプレゼントだよ。一個二百七十円もするんだから大事に食べてね。,ja,7.864,gentle,happy,3,5,True,文本完整，叮嘱语气亲切自然，时长极佳。,
MAY_0141,data/raw/wav/MAY_0141.wav,さすがにしょっちゅうおごれるほどマユシーのポケットマネーは多くないのです。,ja,6.096,neutral,,2,4,True,句子完整，时长适中，语气平和自然，适合作为参考。,
MAY_0142,data/raw/wav/MAY_0142.wav,あとバナナや唐揚げはマユシーが大好きだから今後も続けます。,ja,6.464,happy,,3,4,True,表达明确喜好，句子完整，时长合适，情绪积极。,
MAY_0143,data/raw/wav/MAY_0143.wav,あとね、他にもあるよ。うん、はい、じゃん。,ja,6.24,happy,teasing,3,3,False,包含较多语气词和互动词，语义不够独立完整，不适合作为纯净参考。,
MAY_0144,data/raw/wav/MAY_0144.wav,ライネットソーセージ。あのね、おまけでウーパのボトルキャップが付いてくるんだ。すごく欲しかったから買っちゃった。,ja,10.696,excited,,4,2,False,时长明显超出建议区间，且包含多句信息，不适合作为单句参考。,
MAY_0145,data/raw/wav/MAY_0145.wav,んでダルくんはどう?,ja,2.704,neutral,,2,3,False,句首带有承接词，上下文依赖较强，独立语义稍弱。,
MAY_0146,data/raw/wav/MAY_0146.wav,ダルくんのスーパーハッカー魂がメラメラバーニングしちゃったんだね。,ja,6.128,teasing,happy,3,5,True,句子完整，时长适中，语气带有明显的调侃与轻松感，适合作为参考。,
MAY_0147,data/raw/wav/MAY_0147.wav,ピリピリしてる。,ja,1.96,serious,,2,2,False,时长略短于建议区间，文本过短且缺乏完整语境，情绪指向不够明确。,
MAY_0148,data/raw/wav/MAY_0148.wav,でもハッキングって悪いことなんだよね。マユシはね、二人にそういうことしてほしくないな。,ja,9.752,gentle,worried,3,3,False,时长超出建议上限，包含多句且依赖上下文，不适合作为单句短参考。,
MAY_0149,data/raw/wav/MAY_0149.wav,悪いことは悪いことだよ。,ja,2.848,serious,,3,4,True,时长合适，句式完整独立，语气认真明确，适合作为参考。,
MAY_0150,data/raw/wav/MAY_0150.wav,へえそれならうずら卵がいいな。,ja,3.992,happy,gentle,2,4,True,时长适中，表达完整，带有轻松愉快的日常语气，适合参考。,
MAY_0151,data/raw/wav/MAY_0151.wav,まゆしいも鶉卵好きだもん。,ja,3.048,neutral,,2,4,True,文本完整独立，时长处于理想区间，适合日常语气参考。,陈述偏好，语感自然
MAY_0152,data/raw/wav/MAY_0152.wav,うん、わかったよ。さつま揚げよりはちくわだもんね。,ja,7.288,neutral,,2,4,True,句子完整且逻辑清晰，时长适中，适合对话衔接参考。,含语气词，语流连贯
MAY_0153,data/raw/wav/MAY_0153.wav,わあすごいねよくわかんないけど。,ja,5.112,happy,,3,4,True,带有明显惊喜与积极情绪，时长合适，情绪表达明确。,前半句情绪较饱满
MAY_0154,data/raw/wav/MAY_0154.wav,どういうこと。,ja,1.592,serious,,2,2,False,时长明显短于建议下限，且为短疑问句，脱离语境易显突兀。,需结合上下文使用
MAY_0155,data/raw/wav/MAY_0155.wav,日本語でオッケーだよ。,ja,2.28,gentle,,2,4,True,文本完整，时长达标，语气安抚自然，适合作为交互参考。,日常确认类语句
MAY_0156,data/raw/wav/MAY_0156.wav,だるくいちだね。,ja,2.838,neutral,,2,3,True,文本表达轻微疲惫感，语义略有模糊但结构完整，时长合适。,
MAY_0158,data/raw/wav/MAY_0158.wav,うわーまゆしは頭が痛くなってきました。,ja,6.197,worried,sad,3,4,True,明确表达身体不适与担忧，句子完整独立，时长在理想区间内。,
MAY_0159,data/raw/wav/MAY_0159.wav,あのね他人のメールを勝手に見るのってすごくごめんなさいって気持ちになる。,ja,8.629,embarrassed,serious,3,3,False,表达内疚与歉意，语义清晰完整，但时长略超8秒建议上限。,
MAY_0160,data/raw/wav/MAY_0160.wav,おかりんって悪いんだ。まゆしは悲しいです。,ja,4.784,sad,,4,5,True,直接陈述悲伤情绪，独立完整且时长极佳，非常适合作参考。,
MAY_0161,data/raw/wav/MAY_0161.wav,もうやめたほうがいいよ。,ja,3.579,serious,worried,3,4,True,语气认真劝告，语义清晰无上下文依赖，时长适中。,
MAY_0162,data/raw/wav/MAY_0162.wav,ええ、なんの話?,ja,2.765,neutral,,2,4,True,文本为完整疑问句，时长适中，语气自然适合日常对话参考。,
MAY_0163,data/raw/wav/MAY_0163.wav,ああここからでも聞こえるよ。,ja,3.904,gentle,,2,4,True,陈述句完整独立，语气平和，时长在理想区间，适合作为日常陈述参考。,
MAY_0164,data/raw/wav/MAY_0164.wav,マヨシは悪だくみには参加しません。,ja,4.12,serious,,3,4,True,态度明确坚定，句式完整，时长符合标准，适合严肃语气参考。,
MAY_0165,data/raw/wav/MAY_0165.wav,あのねマユシは全然わかんないよ。,ja,4.632,neutral,worried,2,4,True,表达清晰完整，带有轻微困惑感，时长合适，适合日常交流参考。,
MAY_0166,data/raw/wav/MAY_0166.wav,無理だよ。,ja,1.904,serious,,3,3,False,文本虽完整但时长略低于建议下限，信息量较少，不适合作为高质量单句参考。,
MAY_0167,data/raw/wav/MAY_0167.wav,こす作りもあるしバイトもあるもん。,ja,3.976,neutral,,2,4,True,文本完整，语气日常自然，时长适中，适合作为参考。,
MAY_0168,data/raw/wav/MAY_0168.wav,また何か悪いことしようとしてる。,ja,5.072,worried,,3,4,True,句子完整，带有明显的怀疑与担忧语气，时长合适，适合参考。,
MAY_0169,data/raw/wav/MAY_0169.wav,オカリ待って待って。,ja,3.128,excited,,3,3,True,短句但情绪明确（急切呼唤），时长在合理区间，可作为参考。,含特定称呼，略依赖上下文
MAY_0170,data/raw/wav/MAY_0170.wav,あううん違うよお昼ご飯を買ってこようかと思って。,ja,6.056,embarrassed,,3,4,True,语气带有慌乱与解释感，情绪层次清晰，时长适中，适合参考。,
MAY_0171,data/raw/wav/MAY_0171.wav,うんとどうしようかな。,ja,5.072,neutral,,2,4,True,表达犹豫与思考，语气自然完整，时长合适，适合作为参考。,
MAY_0172,data/raw/wav/MAY_0172.wav,三本の牛丼もいいなあ。,ja,3.136,gentle,,2,4,True,文本完整，语气轻松自然，时长在理想区间内。,日常感叹句，发音清晰度高。
MAY_0173,data/raw/wav/MAY_0173.wav,星に届かないかなって思って。,ja,4.32,gentle,neutral,2,4,True,句子完整，带有轻柔的遐想感，时长适中。,适合温柔/沉思语气参考。
MAY_0174,data/raw/wav/MAY_0174.wav,あのねお昼でもお日様はそこにあるんだよ。,ja,4.96,gentle,serious,2,4,True,口语化完整句子，语气亲切自然，时长合适。,带有安抚或解释意味，适合日常对话。
MAY_0175,data/raw/wav/MAY_0175.wav,へへへ、そうだね。,ja,2.168,happy,teasing,3,3,False,文本较短，为附和性短句，独立参考价值有限。,适合作为语气词补充，不建议作为主参考。
MAY_0176,data/raw/wav/MAY_0176.wav,そうそう、今空を見てて思ったんだけどね、まゆしいは今日のお昼はラーメンにします。,ja,8.704,happy,neutral,2,3,False,句子完整且情绪明确，但时长略超建议上限，适当降分。,包含自我指代与转折，适合长句节奏参考。
MAY_0177,data/raw/wav/MAY_0177.wav,てってるマユシです。,ja,2.632,neutral,,2,3,True,自我介绍句完整，时长合适，但开头疑似口误或识别偏差。,可用于基础音色校准
MAY_0179,data/raw/wav/MAY_0179.wav,おかりんおかーりん、あのね、まゆしはおかりんが何言ってるか全くついていけないよ。,ja,8.512,worried,,3,3,False,句子完整，情绪明确（困惑/跟不上），时长略超8秒但仍在可用范围。,适合表现角色日常对话语气
MAY_0180,data/raw/wav/MAY_0180.wav,わかりにくい。,ja,2.208,neutral,,2,3,True,短语完整但较短，缺乏上下文支撑，情绪较平淡。,适合作为短促反应参考
MAY_0181,data/raw/wav/MAY_0181.wav,ねえねえ今どこにいるの?,ja,3.096,happy,,3,5,True,句子完整自然，情绪明确，时长理想，非常适合作为参考。,
MAY_0182,data/raw/wav/MAY_0182.wav,たくさん子供中。,ja,2.72,other,,1,1,False,文本语法不通，疑似识别错误或残句，信息不完整，不适合作为参考。,建议剔除或核对原文
MAY_0183,data/raw/wav/MAY_0183.wav,へえあそっかそうなんだあでもでもまゆ氏はすごい話を聞いちゃったのです。,ja,9.672,neutral,,2,2,False,时长超过8秒且含较多口语填充词，情绪偏向日常闲聊，不适合作为精炼参考。,需剪辑处理
MAY_0184,data/raw/wav/MAY_0184.wav,聞きたい。,ja,1.128,neutral,,2,2,False,时长不足2秒，信息量过少，难以体现完整语音特征。,
MAY_0185,data/raw/wav/MAY_0185.wav,じゃあメイクインに来て待ってるからね。,ja,4.448,gentle,,3,4,True,时长适中，句子完整，语气友好且带有邀请意味，适合作为单句参考。,
MAY_0186,data/raw/wav/MAY_0186.wav,あ、オカリ。,ja,1.744,neutral,,2,2,False,时长过短，仅为简短称呼或感叹，缺乏完整语境与情绪展开。,
MAY_0187,data/raw/wav/MAY_0187.wav,マユシンはねお昼休憩でコンビニに行ってたのです。,ja,4.632,neutral,,2,4,True,时长在理想区间内，陈述句结构完整，语气平稳清晰，适合参考。,偏日常叙述风格
MAY_0188,data/raw/wav/MAY_0188.wav,休憩って言ってもね、あと五分くらいしかないんだよ。,ja,4.656,neutral,,2,4,True,文本完整，时长适中，语气偏向日常说明，适合作为中性参考。,
MAY_0189,data/raw/wav/MAY_0189.wav,その前にご飯ご飯。,ja,3.95,happy,gentle,2,4,True,句子完整，时长合适，带有轻松催促进食的日常语气。,
MAY_0191,data/raw/wav/MAY_0191.wav,はい、どうぞ。,ja,1.845,gentle,,1,2,False,时长略低于建议区间，且为极短日常用语，情绪特征不明显。,
MAY_0192,data/raw/wav/MAY_0192.wav,自覚。,ja,1.216,serious,,1,1,False,仅单字词汇，严重依赖上下文，时长过短，不适合作为独立参考。,
MAY_0193,data/raw/wav/MAY_0193.wav,ああそうかあのねマヨシはあんまり深く考えてなかったよ。,ja,6.864,neutral,gentle,2,4,True,句子完整且时长适中，语气自然流畅，适合提取日常对话音色特征。,
MAY_0194,data/raw/wav/MAY_0194.wav,ああそうそうあのね I B N五千百の話なの。,ja,6.315,neutral,,2,4,True,文本完整，时长适中，语气自然平稳，适合作为参考。,口语化开头，情绪明确。
MAY_0195,data/raw/wav/MAY_0195.wav,違うよあるわけないよ。,ja,3.205,serious,,3,4,True,句子简短完整，否定语气明确，时长合适。,情绪直接，适合短参考。
MAY_0196,data/raw/wav/MAY_0196.wav,あのねマユシはさっきバイト中に IBM五千百のことを思い出して店のみんなに聞いてみたんだ。,ja,10.485,neutral,,2,2,False,时长超出建议区间，偏叙述性，不适合作为单句参考。,句子较长，信息密度高。
MAY_0197,data/raw/wav/MAY_0197.wav,最初はマッキーちゃんに聞いたんだけど、マッキーちゃんは pc には詳しくないんだって。,ja,7.616,gentle,,2,3,True,文本完整，时长在合理范围内，日常对话语气平稳。,语速适中，适合参考。
MAY_0198,data/raw/wav/MAY_0198.wav,それにねリサリサちゃんは PC は PC でも最近のしか知らなくてしかもマカだし。,ja,9.424,neutral,,2,2,False,时长偏长，且包含较多口语连接词，参考适配度较低。,偏长句，可能影响单句提取。
MAY_0199,data/raw/wav/MAY_0199.wav,うん、えっとつまり、フェリスちゃんが知ってるっぽいよ。,ja,7.6,neutral,,2,4,True,文本完整，语气自然，时长合适，适合作为日常对话参考。,
MAY_0200,data/raw/wav/MAY_0200.wav,うん、あのね、レトロ PC マニアなんだって。,ja,4.88,neutral,,2,4,True,句子完整，信息明确，时长适中，适合日常语气参考。,
MAY_0201,data/raw/wav/MAY_0201.wav,あああ唐揚げ二個目はあげるって言ってないよ。,ja,5.12,teasing,happy,3,5,True,情绪明确带点俏皮，句子完整独立，时长完美，非常适合作为参考。,
MAY_0202,data/raw/wav/MAY_0202.wav,からあげ。,ja,1.509,neutral,,1,2,False,仅为单词，时长过短，缺乏完整语境与情绪表达。,
MAY_0203,data/raw/wav/MAY_0203.wav,唐揚げ。,ja,1.691,neutral,,1,2,False,仅为单词，时长不足，不适合作为独立参考句。,
MAY_0204,data/raw/wav/MAY_0204.wav,まゆしはこの後もバイトだからそんなの無理だよ。,ja,5.344,neutral,,2,4,True,文本完整，表达委婉拒绝，时长在理想区间内，适合作为日常语气参考。,
MAY_0205,data/raw/wav/MAY_0205.wav,フェリスちゃんすごく強いね。,ja,4.773,happy,,3,5,True,明确的赞赏语气，情绪积极清晰，时长标准，非常适合作为参考音频。,
MAY_0206,data/raw/wav/MAY_0206.wav,マユシはライネットの腕前、からきしだからね。すごく羨ましいよ。,ja,6.949,gentle,,3,4,True,包含自嘲与羡慕情绪，语义连贯完整，时长合适，适合柔和语气参考。,
MAY_0207,data/raw/wav/MAY_0207.wav,へえー オカリ今はねラインネットアクセスバトラーズはアキバどころか世界規模のブランドなんだよ。,ja,11.173,excited,,3,2,False,文本完整但时长明显超出建议上限，不适合作为单句短参考。,时长11.17秒，建议裁剪或仅用于长句参考
MAY_0208,data/raw/wav/MAY_0208.wav,うんそれだからね強くなったらきっとちびっこたちの英雄になれるよ。,ja,8.752,gentle,,3,3,False,鼓励性话语情绪明确，但时长略超8秒上限，酌情降低参考分。,
MAY_0209,data/raw/wav/MAY_0209.wav,それにね、ウーパがとっても可愛いの。,ja,5.056,happy,,3,5,True,文本完整，表达喜爱之情，情感明确且时长适中。,
MAY_0210,data/raw/wav/MAY_0210.wav,フェリスちゃんはとっても忙しいから公式大会に出る暇もないんだけど、きっと世界でもトップレベルの腕前だと思うんだ。,ja,11.467,neutral,,2,2,False,句子过长，偏向说明性叙述，不适合作为单句参考。,时长超出建议区间
MAY_0211,data/raw/wav/MAY_0211.wav,オカリ頑張れ。,ja,2.432,happy,,3,4,True,简短完整的鼓励句，语气积极，时长合适。,
MAY_0212,data/raw/wav/MAY_0212.wav,まゆしいはがっかりなのです。,ja,3.019,sad,,3,5,True,直接表达失落情绪，句式完整，时长理想。,
MAY_0213,data/raw/wav/MAY_0213.wav,わー あかりすごいね。,ja,4.661,excited,,4,5,True,感叹词开头，赞美语气强烈，情感鲜明且时长适中。,
MAY_0214,data/raw/wav/MAY_0214.wav,はーい、まゆしが確かな筋です。,ja,5.68,gentle,,2,4,True,句子完整独立，时长适中，语气肯定自然。,
MAY_0215,data/raw/wav/MAY_0215.wav,オカリ。,ja,2.101,neutral,,1,2,False,文本过短，仅为单字应答，缺乏完整情绪表达。,
MAY_0216,data/raw/wav/MAY_0216.wav,ううん、えっとね、ちょっぴり抜けてきたの。この後はね、フェリスちゃんとごかんたんタイムだよ。,ja,8.795,happy,gentle,3,3,False,情绪活泼明确，但时长略超8秒建议区间。,包含口语化停顿，适合日常对话参考。
MAY_0217,data/raw/wav/MAY_0217.wav,それよりね、さっきの I B M 五千百の話だけど、フェリスちゃんにもう一度写真を見せて聞いてみたんだ。,ja,9.883,serious,,2,2,False,时长过长，且强烈依赖前文语境，偏向叙述说明。,
MAY_0218,data/raw/wav/MAY_0218.wav,エリスちゃんが言うにはね、それは小学生になるかならないかの頃だったらしいんだけどね。,ja,7.973,neutral,,2,4,True,文本完整独立，时长在理想区间内，语气平稳。,
MAY_0219,data/raw/wav/MAY_0219.wav,秋なのにとても寒い日でフェリスちゃんはブルブル震えながら執事の黒木さんに手を繋がれて。,ja,9.099,other,,2,2,False,句子为叙述性描写且以“て”结尾不完整，时长略超上限。,旁白/背景描述风格
MAY_0221,data/raw/wav/MAY_0221.wav,さあどこだろうね。,ja,3.643,neutral,,2,4,True,句子完整，语气自然，时长适中，适合作为参考。,日常对话语气
MAY_0222,data/raw/wav/MAY_0222.wav,情報。,ja,1.221,neutral,,1,1,False,仅单字，时长过短，缺乏完整语调和情绪信息。,单词片段
MAY_0223,data/raw/wav/MAY_0223.wav,うん、おかりバイバイ。,ja,2.757,neutral,,2,4,True,句子完整，日常告别语气，时长合适。,轻松口语化
MAY_0224,data/raw/wav/MAY_0224.wav,トゥトゥルーマユシイです。,ja,2.523,happy,,3,4,True,完整自我介绍/标志性台词，情绪明朗，时长适中。,角色标志性口头禅
MAY_0225,data/raw/wav/MAY_0225.wav,ああオカリナ。,ja,2.224,neutral,,1,2,False,文本较短且情绪指向不明确，仅含感叹与名词。,时长符合区间，但信息量不足。
MAY_0226,data/raw/wav/MAY_0226.wav,さっき電話したんだよ。,ja,2.576,neutral,,2,4,True,陈述句结构完整，语义清晰，时长适中，适合作为参考。,
MAY_0227,data/raw/wav/MAY_0227.wav,あのねダル君に電話してみて。,ja,3.372,gentle,,2,4,True,祈使句完整，语气自然带有建议感，时长在理想区间。,
MAY_0228,data/raw/wav/MAY_0228.wav,タル君は今日はメイクインに行ってるよ。だから電話してほしいの。そしたらね、わかるから。,ja,9.669,neutral,,2,2,False,多句复合结构且时长超出8秒上限，不适合作为单句参考。,建议拆分后使用。
MAY_0229,data/raw/wav/MAY_0229.wav,んじゃね。,ja,1.429,neutral,,1,1,False,日常告别用语，文本过短且时长不足2秒，参考价值低。,
MAY_0230,data/raw/wav/MAY_0230.wav,おかりおかり、悪いことはだめっていつも言ってるのに。,ja,5.6,teasing,gentle,3,4,True,文本完整，带有轻微责备与调侃语气，时长适中。,语气偏向温柔说教或调侃。
MAY_0231,data/raw/wav/MAY_0231.wav,見つけられたのはね、マユシのオテガラなんだよ。,ja,4.789,gentle,,2,4,True,句子完整，语气偏向轻松说明，时长合适。,适合日常对话参考。
MAY_0232,data/raw/wav/MAY_0232.wav,マユシ情報がなかったらオカリナは今もアキバの街をフラフラさまよってたんだもん。,ja,9.899,serious,,2,2,False,时长接近10秒超出建议区间，且信息量偏大，不适合作为单句参考。,语速可能较慢或句子偏长。
MAY_0233,data/raw/wav/MAY_0233.wav,ということでマユシーはそろそろ帰るね。,ja,5.339,gentle,,1,5,True,文本完整独立，语气自然温和，时长完美符合标准。,极佳的日常告别参考句。
MAY_0234,data/raw/wav/MAY_0234.wav,クリスチャンはどうする?途中まで一緒に帰ろ。,ja,4.459,happy,gentle,2,4,True,句子完整，包含提问与提议，语气轻松友好，时长合适。,适合日常互动参考。
MAY_0235,data/raw/wav/MAY_0235.wav,うんそっかあんまり遅くならないうちに帰ったほうがいいよ。,ja,5.648,gentle,,2,4,True,文本完整，语气温和关切，时长适中，适合作为参考。,
MAY_0236,data/raw/wav/MAY_0236.wav,じゃあまた明日ねトゥトゥル。,ja,3.728,happy,,3,5,True,标准告别语，情绪明快完整，时长极佳，非常适合作为参考。,含标志性语气词
MAY_0237,data/raw/wav/MAY_0237.wav,おかえりーおかえりー。あれれ、はるか君も一緒だ。,ja,6.885,happy,,3,4,True,欢迎与轻微惊讶结合，句子连贯独立，时长合适。,
MAY_0238,data/raw/wav/MAY_0238.wav,なにこれ。,ja,1.944,neutral,,2,2,False,时长略低于2秒下限，文本过短且高度依赖上下文。,
MAY_0239,data/raw/wav/MAY_0239.wav,そっかー だからルカ君が一緒なんだね。,ja,4.416,neutral,,2,4,True,表达理解与恍然，语义完整独立，时长符合标准。,
MAY_0240,data/raw/wav/MAY_0240.wav,ああそうそう、あのね、ブラウン館工房にバイトさんが入ったんだって。鈴さんっていうの。,ja,10.448,neutral,,2,2,False,时长超出推荐区间，含口语填充词，独立参考价值较低。,偏长对话句，适合上下文连贯场景。
MAY_0241,data/raw/wav/MAY_0241.wav,えー そうなの。,ja,2.912,neutral,,2,2,False,文本过短且为典型附和句，高度依赖上下文。,缺乏独立情绪表达，不适合作为单句参考。
MAY_0242,data/raw/wav/MAY_0242.wav,疲れたね。,ja,2.507,neutral,,2,4,True,文本完整独立，情绪明确，时长适中。,适合表达疲惫或放松状态。
MAY_0243,data/raw/wav/MAY_0243.wav,でもこのバナナまゆしいのだよ。,ja,5.115,happy,,3,4,True,文本完整，情绪积极明确，时长符合标准。,含角色口癖特征，不影响情绪判断。
MAY_0244,data/raw/wav/MAY_0244.wav,えへへへへ、そうかな。ほかりんの役に立てたなら良かった。,ja,8.597,gentle,happy,3,3,False,情绪饱满明确，文本完整，时长略超上限但仍具参考价值。,笑声开头适合提取特定情绪音色。
MAY_0245,data/raw/wav/MAY_0245.wav,んじゃマユシイたちは先に帰るね。,ja,3.909,gentle,,2,4,True,文本完整，语气自然轻松，时长适中，适合作为日常对话参考。,
MAY_0246,data/raw/wav/MAY_0246.wav,クリスチャンは帰らないの?よかったら駅まで一緒に行こうよ。,ja,6.149,happy,,3,4,True,邀请意图明确，情绪积极友好，时长在理想区间。,
MAY_0247,data/raw/wav/MAY_0247.wav,そっか。じゃあまたね。トゥトゥルル。,ja,4.88,happy,teasing,3,4,True,告别语完整，带有标志性语气词，情绪轻松明确。,
MAY_0248,data/raw/wav/MAY_0248.wav,テテレー おはようー あれ あこんにちはー かな。,ja,5.493,teasing,happy,3,3,True,语气活泼带有自我修正，情绪轻松但略有跳跃，仍具参考价值。,
MAY_0249,data/raw/wav/MAY_0249.wav,うわーなんかねずずんっていう重い空気が漂ってるよ。,ja,8.155,worried,serious,3,2,False,时长略超建议上限，且为环境描述句，上下文依赖较强，不适合作为单句核心参考。,
MAY_0250,data/raw/wav/MAY_0250.wav,空気入れ替えるね。,ja,1.872,neutral,,2,3,False,时长略低于建议下限，情绪平淡，属日常陈述。,
MAY_0251,data/raw/wav/MAY_0251.wav,エンタコ会議。,ja,1.877,neutral,,1,2,False,仅为名词短语，缺乏完整句意与明确情绪，时长偏短。,
MAY_0252,data/raw/wav/MAY_0252.wav,マヨシーにもあるかな。,ja,2.256,neutral,,2,4,True,时长符合标准，句子完整，语气自然，适合单句参考。,
MAY_0253,data/raw/wav/MAY_0253.wav,そっか、よかった。でも、えんたくって何?,ja,6.448,happy,neutral,3,5,True,时长理想，句意完整且情绪转折自然，极具参考价值。,
MAY_0254,data/raw/wav/MAY_0254.wav,悪いことは良くないよって言ったのに。,ja,4.352,serious,worried,3,4,True,时长适中，语义完整，带有认真或轻微责备语气，适合参考。,
MAY_0255,data/raw/wav/MAY_0255.wav,そうだけど。,ja,2.368,neutral,,2,3,False,文本为简短附和与转折，语义依赖上下文，情绪指向较弱。,
MAY_0256,data/raw/wav/MAY_0256.wav,ラグナロック。,ja,2.037,serious,,2,2,False,仅为单一专有名词，缺乏完整句法与情绪铺垫。,
MAY_0257,data/raw/wav/MAY_0257.wav,なんで確認できないの。,ja,2.699,worried,,3,4,True,疑问句结构完整，表达明确的困惑与关切，时长适中。,
MAY_0258,data/raw/wav/MAY_0258.wav,マユシの唐揚げを温めるためのものだよね。,ja,4.677,gentle,,2,5,True,日常确认句式完整自然，语气平和，时长处于最佳区间。,
MAY_0259,data/raw/wav/MAY_0259.wav,ブラックホールができてるのここに。,ja,3.461,serious,,3,4,True,陈述句完整且具象，带有客观陈述与轻微惊讶感，适合参考。,
MAY_0260,data/raw/wav/MAY_0260.wav,吸い込まれないかな。,ja,3.051,worried,,2,4,True,句子完整，时长合适，带有轻微担忧与好奇，适合作为参考。,
MAY_0261,data/raw/wav/MAY_0261.wav,あのねメールって言うから混乱するんだと思うな。,ja,5.12,neutral,,2,4,True,表达清晰完整，时长适中，语气为日常解释，适合参考。,
MAY_0262,data/raw/wav/MAY_0262.wav,本物の紙飛行機にした手紙がピュンって飛んでいくイメージなんだよきっと。,ja,7.472,gentle,,3,4,True,句子完整且富有画面感，时长在合理区间，语气温和，适合参考。,
MAY_0263,data/raw/wav/MAY_0263.wav,クリスチャンの言うとおりだと思うな。マユシーはそんな長い名前は覚えられません。,ja,7.568,serious,,2,3,True,包含两句陈述，信息完整但稍显复杂，时长合适，语气认真。,
MAY_0264,data/raw/wav/MAY_0264.wav,そこってどういう意味。,ja,3.943,neutral,,2,3,True,疑问句完整，但“そこ”指代依赖上下文，略微降低参考分。,
MAY_0265,data/raw/wav/MAY_0265.wav,えクリスチャンマユシのことバカだと思ってるのかな。,ja,6.635,neutral,worried,2,4,True,句子完整独立，时长合适，语气为日常疑问，适合作为参考。,
MAY_0266,data/raw/wav/MAY_0266.wav,あっだってるー。まゆしも思いついたよ。,ja,4.827,happy,,3,5,True,语气活泼轻快，语义完整，时长理想，情绪表达明确。,
MAY_0267,data/raw/wav/MAY_0267.wav,あのね、バックトゥザメール、映画のタイトルとね、メールをくっつけてみました。,ja,9.008,neutral,,2,3,False,句子完整但时长略超建议上限，偏说明性，情绪较平淡。,
MAY_0268,data/raw/wav/MAY_0268.wav,意味とかじゃなくて映画のタイトルとメールをくっつけて。,ja,7.877,neutral,,2,2,False,语义明显承接上文，缺乏独立语境，不适合作为单句参考。,
MAY_0269,data/raw/wav/MAY_0269.wav,じゃあディメールに決定しまーす。,ja,4.32,happy,,3,5,True,独立完整句，语气明快果断，时长完美，情绪清晰。,
MAY_0270,data/raw/wav/MAY_0270.wav,マユシのバナナずいぶん減ったね。また買ってこなくちゃ。,ja,6.88,neutral,,2,4,True,文本完整，日常自语语气，时长合适，适合作为中性参考。,
MAY_0271,data/raw/wav/MAY_0271.wav,本当嬉しいな。,ja,3.824,happy,,3,5,True,情绪明确为开心，句子简短完整，时长理想，非常适合作为参考。,
MAY_0272,data/raw/wav/MAY_0272.wav,オカリやダル君はねバナナ勝手に食べてもちっとも買ってきてくれないのです。,ja,7.488,neutral,,2,3,True,句子较长且含特定角色指代，偏叙述性，情绪平淡，参考性一般。,
MAY_0273,data/raw/wav/MAY_0273.wav,クリスチャンクリスチャン痛いの痛いの飛んでけー。,ja,5.936,gentle,,3,4,True,带有哄慰与轻快口吻，情绪明确，时长合适，适合作为参考。,
MAY_0274,data/raw/wav/MAY_0274.wav,ゲル花になったね。,ja,2.576,neutral,,2,4,True,简短完整的观察句，语气自然，时长合适，适合作为中性参考。,
MAY_0275,data/raw/wav/MAY_0275.wav,ねえねえクリスちゃん、なんて送るの。,ja,3.728,happy,gentle,2,4,True,文本完整，语气轻快自然，时长适中，适合作为日常对话参考。,
MAY_0276,data/raw/wav/MAY_0276.wav,うーん、どれどれ、岡部はズアンエアへ?,ja,7.424,neutral,serious,2,4,True,带有思考与确认语气，句子结构完整，时长在合理范围内。,
MAY_0277,data/raw/wav/MAY_0277.wav,マユシも見たよ。あのね、本当に一通だった。,ja,5.584,serious,gentle,3,4,True,陈述事实语气明确，无上下文强依赖，时长合适。,
MAY_0278,data/raw/wav/MAY_0278.wav,でもでもマユシーはねどうして五日前に届いたかの方が気になります。,ja,8.061,serious,worried,3,3,False,文本完整但偏长，时长略超建议上限，情绪偏向认真探究。,时长8.06秒略超8秒建议值，酌情降分
MAY_0279,data/raw/wav/MAY_0279.wav,じゃあさじゃあさもっとじゃんじゃん送ってみようよ。,ja,5.04,excited,happy,4,5,True,情绪饱满积极，句式完整且富有号召力，时长完美。,
MAY_0280,data/raw/wav/MAY_0280.wav,マヨシーは。,ja,1.76,neutral,,1,1,False,句子不完整，仅为话题提示，且时长偏短。,残句，高度依赖上下文，不适合独立参考。
MAY_0281,data/raw/wav/MAY_0281.wav,わああああ!オカリナ太っ腹だね!,ja,4.208,excited,happy,4,5,True,情绪饱满明确，句子完整，时长适中。,感叹词与标点体现强烈情绪，非常适合作为参考。
MAY_0282,data/raw/wav/MAY_0282.wav,あー おかえりエッチ。,ja,4.0,gentle,happy,2,4,True,日常问候语，情绪温和明确，时长合适。,语气轻松自然，适合日常对话参考。
MAY_0283,data/raw/wav/MAY_0283.wav,ごめんねおカリ今マユシジが唐揚げを温めようとしたんだけどね。,ja,7.6,gentle,worried,2,4,True,句子完整，带有歉意与解释语气，时长在合理区间上限。,语意连贯，适合参考温和解释类语气。
MAY_0284,data/raw/wav/MAY_0284.wav,ついいつもの癖で逆回転させちゃって、ついでだから放電させてみたの。,ja,8.96,neutral,embarrassed,2,3,False,文本完整但时长略超建议上限，情绪偏日常解释。,稍长，需注意呼吸节奏，但仍具参考价值。
MAY_0286,data/raw/wav/MAY_0286.wav,マユシも行ってみたいなあ。,ja,2.944,gentle,,2,4,True,句子完整，表达温和的向往，时长在理想区间内。,
MAY_0287,data/raw/wav/MAY_0287.wav,本当ありがとう。,ja,3.168,happy,,3,5,True,表达明确感谢，情感正向清晰，时长标准，非常适合作参考。,
MAY_0289,data/raw/wav/MAY_0289.wav,へえ。,ja,1.76,neutral,,1,2,False,仅为语气词，时长过短，缺乏完整语义与明确情绪。,
MAY_0290,data/raw/wav/MAY_0290.wav,そんなんみんながおかしいんだよ。,ja,4.24,serious,,3,4,True,语义完整，带有明确的态度与轻微反驳情绪，时长适中。,
MAY_0291,data/raw/wav/MAY_0291.wav,ねえねえ。,ja,1.168,excited,,2,2,False,仅为呼唤用语，时长不足，信息不完整，不适合作单句参考。,
MAY_0292,data/raw/wav/MAY_0292.wav,あのね、唐揚げやバナナはゲル揚げとかゲルバナになっちゃって、でもお塩はゲル塩にはならなかったんだよね。,ja,11.984,neutral,,2,2,False,文本完整但时长明显过长，超出推荐区间，单句参考适配度较低。,
MAY_0293,data/raw/wav/MAY_0293.wav,んで D メールは十八文字まではちゃんと送れて十九文字以上は消えちゃうんだよね。,ja,8.88,neutral,,2,3,False,文本清晰完整，但时长略超8秒上限，情绪偏平稳说明。,
MAY_0294,data/raw/wav/MAY_0294.wav,きっとね大きなものとかたくさんは送れないんじゃないかな。,ja,7.136,gentle,,2,4,True,时长在理想区间内，文本完整独立，语气柔和自然，适合作为参考。,
MAY_0295,data/raw/wav/MAY_0295.wav,あもしかしてもしかしてそのガーブブラックホールが。,ja,6.112,excited,,3,2,False,句子以助词结尾未完结，上下文依赖强，不适合作为独立参考。,
MAY_0296,data/raw/wav/MAY_0296.wav,カーブブラックホールが。,ja,2.64,neutral,,1,1,False,文本为明显残句，信息极度不完整，严重依赖前文。,
MAY_0297,data/raw/wav/MAY_0297.wav,ブラックホールの穴がきついんだよ。,ja,4.16,serious,,2,4,True,句子完整独立，时长合适，带有解释说明的语气，适合作为参考。,
MAY_0298,data/raw/wav/MAY_0298.wav,穴がきついの。,ja,3.088,neutral,,1,2,False,文本较短且疑似前句的补充说明，上下文依赖较强，不适合作为独立参考。,
MAY_0299,data/raw/wav/MAY_0299.wav,よくわかんないよ。,ja,2.656,worried,,2,4,True,表达清晰完整，时长适中，情绪偏向日常困惑，适合单句参考。,
MAY_0300,data/raw/wav/MAY_0300.wav,スライムになって帰ってきた騎士さんたちがジェリーマンなんだね。,ja,5.584,neutral,,2,5,True,句子完整且信息量适中，时长理想，语气平稳清晰，非常适合作为参考音频。,
MAY_0301,data/raw/wav/MAY_0301.wav,なるほどー。すごく分かりやすかったよ。,ja,4.976,happy,,3,5,True,情绪积极明确，句子完整独立，时长在最佳区间内，极适合作为参考。,
MAY_0302,data/raw/wav/MAY_0302.wav,マユシは役に立ったかな。,ja,3.504,gentle,,2,4,True,句子完整，语气柔和带点不确定，时长合适。,
MAY_0303,data/raw/wav/MAY_0303.wav,よかった。,ja,3.12,happy,,2,4,True,表达欣慰或开心，句子简短完整，时长适中。,
MAY_0304,data/raw/wav/MAY_0304.wav,過去にメールを送れるってすごいことだよね。,ja,5.056,excited,,3,5,True,表达惊叹与认同，情绪明确，时长完美适合参考。,
MAY_0305,data/raw/wav/MAY_0305.wav,靴脱がなきゃ汚れちゃうよ。,ja,3.104,gentle,,2,4,True,日常提醒语气，句子完整独立，时长合适。,
MAY_0306,data/raw/wav/MAY_0306.wav,でもクリスチャンってタイムマシンなんてないやいってこの前は言ってたよ。今はあるって認めてるんだね。,ja,11.12,teasing,,3,2,False,时长明显超出建议区间，且包含前后语境对比，不适合作为单句参考。,
MAY_0307,data/raw/wav/MAY_0307.wav,マヨシーはもうすぐバイトなのです。,ja,3.024,neutral,,1,4,True,陈述句完整清晰，时长标准，适合作为中性语气基准。,
MAY_0308,data/raw/wav/MAY_0308.wav,出てるおはよう。,ja,3.376,neutral,,1,2,False,文本语义断裂，疑似识别错误或残句，缺乏完整语境。,可能为语音转写误差
MAY_0309,data/raw/wav/MAY_0309.wav,あっおカリいタイムマシン実験する前にマユシンに唐揚げ温めさせてほしいなあ。,ja,8.688,gentle,happy,2,3,False,时长超出建议上限，且句子较长带有特定情境依赖。,时长偏长
MAY_0310,data/raw/wav/MAY_0310.wav,ああこれじゃもう唐揚げ温められないよ。,ja,6.432,worried,sad,3,4,True,表达明确的问题与无奈情绪，文本完整，时长适中。,
MAY_0311,data/raw/wav/MAY_0311.wav,オーボーだよ。じゃあオカに新しく電子レンジ買ってきてよ。,ja,7.424,serious,,3,4,True,包含明确指令与陈述，语义完整，时长在合理区间内。,前半句疑似转写误差，但整体意图明确
MAY_0312,data/raw/wav/MAY_0312.wav,でもまた店長さんに怒られないかな。,ja,5.008,worried,,3,4,True,文本完整，表达担忧情绪明确，时长适中。,适合表现轻微焦虑或顾虑的语气。
MAY_0313,data/raw/wav/MAY_0313.wav,ムキムキだもんね。,ja,2.704,teasing,,2,4,True,文本简短完整，带有轻微调侃语气，时长合适。,适合轻松互动或感叹场景。
MAY_0314,data/raw/wav/MAY_0314.wav,セカンドエードエドションバーゼロション?,ja,4.576,other,,2,2,False,文本疑似专有名词或语音识别错误，语义不明确，不适合作为通用参考。,发音可能为特定道具或技能名，缺乏普适情绪特征。
MAY_0315,data/raw/wav/MAY_0315.wav,実践的か。朝に届くようにして、おはようかりんってちゃんと見てもらえるようにするんだね。,ja,10.256,serious,gentle,3,2,False,时长超过建议上限，句子较长且包含多个意群，不适合作为单句参考。,可考虑截取前半句或后半句单独使用。
MAY_0316,data/raw/wav/MAY_0316.wav,ええチラシの裏じゃおかりに届かないよ。,ja,5.328,neutral,,2,4,True,文本完整，陈述事实语气平稳，时长符合标准。,适合日常对话或说明性场景。
MAY_0317,data/raw/wav/MAY_0317.wav,大丈夫だよ。オカリナね、本当はとってもいい人なんだから。,ja,7.024,gentle,,2,5,True,文本完整，语气温和安抚，时长合适。,
MAY_0318,data/raw/wav/MAY_0318.wav,ねえねえ、それじゃあ実践的な使い方ってどんな使い方なのかな。,ja,7.792,happy,,2,4,True,疑问句完整，带有好奇与期待感，时长适中。,
MAY_0319,data/raw/wav/MAY_0319.wav,ねえねえ。,ja,1.408,neutral,,1,2,False,文本过短且缺乏完整语义，时长不足2秒。,
MAY_0321,data/raw/wav/MAY_0321.wav,現金だなあおカリ。まゆしは悲しいです。,ja,5.76,teasing,sad,3,4,True,句式完整，带有调侃与撒娇情绪，时长合适。,
MAY_0322,data/raw/wav/MAY_0322.wav,もっとね、世界が平和になる方法とかを考えるべきじゃないかな。,ja,6.912,serious,,2,5,True,语义完整，语气认真诚恳，时长符合标准。,
MAY_0323,data/raw/wav/MAY_0323.wav,例えばね、世界中の全ての人がウーパークッションを持っているようにするとか。,ja,8.688,neutral,,2,3,False,文本完整，语气为日常举例说明，时长略超建议区间但尚可接受。,
MAY_0324,data/raw/wav/MAY_0324.wav,ええ、とトラックの荷台山盛り。,ja,6.016,neutral,,2,3,False,带有犹豫语气词，偏向描述性片段，上下文依赖较强。,
MAY_0326,data/raw/wav/MAY_0326.wav,んじゃあいつも買ってるジューシー唐揚げナンバーワンを若鶏一口唐揚げに変えてみるとかかな。,ja,9.6,neutral,,2,2,False,句子较长且时长明显超出建议上限，不适合作为单句短参考。,
MAY_0327,data/raw/wav/MAY_0327.wav,へえ。,ja,1.456,neutral,,1,1,False,时长过短且仅为语气词，缺乏完整语义与发音覆盖。,
MAY_0328,data/raw/wav/MAY_0328.wav,まずは宝くじを買ってこなくちゃ。,ja,4.48,serious,,3,5,True,文本完整独立，时长适中，语气带有明确决心，非常适合作为参考。,
MAY_0329,data/raw/wav/MAY_0329.wav,ああそれねこの間テレビの cm で見たよ。,ja,5.216,neutral,,2,4,True,文本完整，日常陈述语气自然，时长在理想区间。,适合日常中性语气参考
MAY_0330,data/raw/wav/MAY_0330.wav,あのねマユシーはそもそも宝くじの買い方知らないな。,ja,6.976,neutral,,2,4,True,句子完整，陈述事实语气明确，时长合适。,适合中性陈述语气参考
MAY_0331,data/raw/wav/MAY_0331.wav,オカリナ買ったことあるの?,ja,2.88,neutral,,2,4,True,疑问句结构完整，日常交流语气，时长适中。,适合日常提问语气参考
MAY_0332,data/raw/wav/MAY_0332.wav,このあたり番号をディメールで送るの。,ja,4.64,serious,,3,4,True,指令性语句清晰完整，语气偏认真，时长合适。,适合说明/认真语气参考
MAY_0333,data/raw/wav/MAY_0333.wav,じゃあマユシが当選したことにすればいいんじゃないかな。,ja,5.312,gentle,,2,4,True,建议语气完整自然，带有安抚意味，时长符合标准。,适合温和建议语气参考
MAY_0334,data/raw/wav/MAY_0334.wav,えっとね七十万円だとバナナはトラックの荷台山盛りになるかな。,ja,8.88,neutral,,2,3,False,文本完整，语气偏向日常思考，但时长略超建议上限。,时长8.88秒稍长
MAY_0335,data/raw/wav/MAY_0335.wav,えーと一七零シャープと。,ja,7.68,neutral,,1,2,False,句末为接续词，明显为残句或强上下文依赖，不适合独立参考。,
MAY_0336,data/raw/wav/MAY_0336.wav,なんだかとっても胡散臭いね。へへへ。,ja,4.544,teasing,happy,3,5,True,时长适中，文本完整，带有明显的调侃与轻笑情绪，非常适合作为参考。,情绪特征鲜明
MAY_0337,data/raw/wav/MAY_0337.wav,大丈夫だよ。むしろね、おかりんはうさんくさいものが大好きだから、ぴったりだと思うな。,ja,8.88,gentle,,2,3,False,文本完整且语义清晰，语气安抚自然，仅时长略超建议区间。,包含角色昵称，适合音色参考
MAY_0338,data/raw/wav/MAY_0338.wav,オカリナの口癖なんだよね。,ja,3.024,neutral,,2,4,True,时长合适，句子完整独立，语气平稳自然，适合作为中性参考。,
MAY_0339,data/raw/wav/MAY_0339.wav,おかり、どうかした?,ja,2.736,worried,,3,4,True,文本为完整疑问句，表达关切询问，时长符合标准。,适合关切语气参考
MAY_0340,data/raw/wav/MAY_0340.wav,大丈夫。,ja,1.996,gentle,,2,3,False,句子较短，情绪偏向安抚，时长略低于建议下限。,时长接近2秒，可作为短促安抚参考
MAY_0341,data/raw/wav/MAY_0341.wav,えっどういうこと?,ja,2.912,worried,,3,4,True,表达惊讶与疑惑，语义完整，时长适中。,适合疑惑/惊讶语气参考
MAY_0342,data/raw/wav/MAY_0342.wav,うん、三十秒ぐらいじゃないかな。,ja,5.237,neutral,,2,4,True,日常陈述句，语气自然平稳，时长理想。,适合中性/日常语气参考
MAY_0344,data/raw/wav/MAY_0344.wav,へえ、すごくはあはあ言い始めて。,ja,5.365,teasing,,3,4,True,带有明显调侃意味，句子完整，时长合适。,适合轻松/调侃语气参考
MAY_0345,data/raw/wav/MAY_0345.wav,はあはあ。,ja,1.291,other,,3,1,False,纯喘息拟声词，时长不足2秒且无完整语义，不适合作为参考。,
MAY_0346,data/raw/wav/MAY_0346.wav,ええ?なんのこと?,ja,2.336,worried,,2,4,True,疑问句结构完整，时长适中，疑惑情绪明确，适合单句参考。,
MAY_0347,data/raw/wav/MAY_0347.wav,トラックの荷台誰が満杯にするの?,ja,5.109,neutral,,2,4,True,日常询问句，语义独立完整，时长符合标准区间。,
MAY_0348,data/raw/wav/MAY_0348.wav,どんな内容を送れば過去が変わったか分かるだろうねって。,ja,5.877,serious,,3,3,True,句末带转述语气词，略有上下文依赖，但整体语义完整且时长合适。,
MAY_0349,data/raw/wav/MAY_0349.wav,でもそんなの現金だってマヨシは思うな。,ja,5.323,serious,,2,4,True,陈述观点句，逻辑清晰独立，时长适中，情绪平稳明确。,
MAY_0350,data/raw/wav/MAY_0350.wav,ああ現金は現金でもね幸一さんいいっぱいっていう意味じゃなくて。,ja,7.691,neutral,,2,2,False,句意偏向口语化解释，结尾略显拖沓，情绪不明显且依赖上下文。,
MAY_0352,data/raw/wav/MAY_0352.wav,例えばね、世界中の全ての人がウーパクションを持っているようにするととっても幸せだと思うよ。,ja,11.072,happy,,3,2,False,句子完整情绪积极，但时长超过11秒，明显超出推荐区间。,
MAY_0353,data/raw/wav/MAY_0353.wav,あ、ルカくんだ。いらっしゃい。,ja,4.896,gentle,,3,5,True,独立问候语，情绪温和明确，时长完美契合标准。,
MAY_0354,data/raw/wav/MAY_0354.wav,るかくんマユシのコス着てくれる気になったの?だったら嬉しいな。,ja,8.331,happy,,4,3,False,情绪表达清晰完整，虽略超8秒但语速自然，适合作为参考。,
MAY_0355,data/raw/wav/MAY_0355.wav,おかリー ルカ君をいじめちゃだめだよ。,ja,4.224,teasing,,3,5,True,语气带有调侃与轻微劝阻，句子独立，时长适中。,
MAY_0356,data/raw/wav/MAY_0356.wav,わあじゃあおかりんは超能力者だね。,ja,5.291,happy,teasing,3,5,True,文本完整，带有惊喜与调侃语气，时长适中，适合单句参考。,
MAY_0357,data/raw/wav/MAY_0357.wav,ねえねえ、それよりおかり大丈夫かな。,ja,5.504,worried,gentle,3,5,True,明确表达关心与担忧，句子独立完整，时长合适。,
MAY_0358,data/raw/wav/MAY_0358.wav,お帰り。あのね、明日バナナ買ってきてあげるね。,ja,5.675,gentle,happy,2,5,True,日常温柔语气，内容完整清晰，非常适合作为参考。,
MAY_0359,data/raw/wav/MAY_0359.wav,だからね今はその子をむぎゅっと抱きしめて元気出してね。,ja,7.691,gentle,serious,3,4,True,安慰鼓励意图明确，句子完整，时长接近上限但仍可用。,
MAY_0360,data/raw/wav/MAY_0360.wav,トゥトゥルー おかりおかり。,ja,3.531,happy,excited,3,3,False,文本为拟声词与重复呼唤，语义不完整，上下文依赖较强。,
MAY_0361,data/raw/wav/MAY_0361.wav,ああ、うん、わかった。,ja,3.552,neutral,,2,4,True,文本为完整应答句，语气自然平稳，时长适中，适合作为中性参考。,
MAY_0362,data/raw/wav/MAY_0362.wav,でね、オカリも元気になったかなって思って、ちゃんとウーパをむぎゅってした?,ja,8.059,gentle,worried,3,2,False,句子较长且含特定角色名，上下文依赖较强，时长略超推荐区间。,需结合上下文理解，单句参考价值有限。
MAY_0364,data/raw/wav/MAY_0364.wav,わかるよ。子供の頃から一緒だもん。へへ。,ja,5.419,happy,gentle,3,5,True,文本完整，情绪轻松明确，时长完美，非常适合作为单句参考。,含轻笑语气词，有助于捕捉角色性格特征。
MAY_0365,data/raw/wav/MAY_0365.wav,うんありがとうじゃあね。,ja,3.557,gentle,,2,4,True,日常感谢与告别用语，语义连贯，时长合适，适合基础语音参考。,无标点但口语化表达自然。
MAY_0366,data/raw/wav/MAY_0366.wav,おカリ、おはよう。,ja,3.16,gentle,,2,4,True,标准晨间问候，情绪温和明确，时长在理想区间内。,含特定称呼，但作为问候模板仍具较高参考价值。
MAY_0367,data/raw/wav/MAY_0367.wav,ねえちゃんおはよう。,ja,2.944,gentle,,2,4,True,日常问候语完整，情绪温和自然，时长符合标准。,
MAY_0368,data/raw/wav/MAY_0368.wav,なえちゃんにこれあげる。はい、どうぞ。,ja,3.856,happy,,2,4,True,递物互动语句完整，语气积极友好，时长适中。,
MAY_0369,data/raw/wav/MAY_0369.wav,はい、おかりにも。,ja,2.416,neutral,,1,2,False,文本较短且明显依赖上下文，独立参考性较弱。,
MAY_0370,data/raw/wav/MAY_0370.wav,そこに座って何してるの。,ja,3.456,serious,,2,4,True,疑问句结构完整，语气明确，适合单句语音参考。,
MAY_0371,data/raw/wav/MAY_0371.wav,違うよなえちゃん。あのね、オカリナはきっとなんか難しいことを考えてるんだよ。,ja,8.632,gentle,,3,3,False,表达完整且情绪清晰，但时长略超8秒建议区间。,
MAY_0372,data/raw/wav/MAY_0372.wav,オカリオカリこの時間だと電話レンジちゃんはビリビリしないんだよね。,ja,7.512,neutral,,2,4,True,文本完整，语气日常自然，时长在理想区间内。,
MAY_0373,data/raw/wav/MAY_0373.wav,じゃあね、焼きそばパンをチンしてもいいかな。,ja,4.44,gentle,,2,5,True,句式完整，语气柔和带商量口吻，非常适合作为日常对话参考。,
MAY_0374,data/raw/wav/MAY_0374.wav,ああ、そうだった。がっかりだよ。,ja,4.872,sad,,3,5,True,情绪明确（失望/难过），句子独立完整，时长适中。,
MAY_0375,data/raw/wav/MAY_0375.wav,ちなみにね、オカリは朝ごはん食べた?,ja,4.088,neutral,,2,4,True,日常询问句式，结构完整，语气自然，适合参考。,
MAY_0376,data/raw/wav/MAY_0376.wav,だったら一緒に食べる焼きそばパンは冷たいまま食べるとしてラーメン缶なら湯煎で温められるし。,ja,10.536,neutral,,2,2,False,时长超出建议区间，句尾带有延续感，独立性稍弱。,
MAY_0377,data/raw/wav/MAY_0377.wav,なえちゃんも食べる。,ja,1.752,neutral,,1,2,False,时长略低于建议区间，情绪平淡，信息量较少。,
MAY_0378,data/raw/wav/MAY_0378.wav,そっか。,ja,1.088,neutral,,1,1,False,时长过短，高度依赖上下文，情绪不明确。,
MAY_0379,data/raw/wav/MAY_0379.wav,タル君とクリスちゃんまだ来ないのかな。,ja,4.312,worried,gentle,2,5,True,时长适中，文本完整独立，带有明确的等待与轻微担忧情绪，非常适合作为参考。,
MAY_0380,data/raw/wav/MAY_0380.wav,出てる、すずさん。,ja,3.056,neutral,,2,2,False,语义依赖具体场景，情绪指向不清晰。,
MAY_0381,data/raw/wav/MAY_0381.wav,ああクリスチャンだ。,ja,2.96,neutral,,2,3,False,句子较短，偏向平淡的确认语气，情绪表现力一般。,
MAY_0382,data/raw/wav/MAY_0382.wav,クリスチャン、トゥトゥル。,ja,2.456,happy,,2,2,False,仅为简短口头禅，缺乏完整语义与情绪起伏。,
MAY_0383,data/raw/wav/MAY_0383.wav,みんな仲良くいられる方がね、まゆしいはいいな。,ja,4.856,gentle,,3,5,True,语义完整，语气温和自然，时长理想，适合做参考。,
MAY_0384,data/raw/wav/MAY_0384.wav,諦めたらそこで試合終了だよ。,ja,3.272,serious,,4,4,True,完整陈述句，语气坚定严肃，但为知名台词可能带特定演绎色彩。,
MAY_0385,data/raw/wav/MAY_0385.wav,ええ、まゆし変えてもいいの?,ja,4.224,gentle,worried,2,4,True,疑问句结构清晰，语气委婉试探，适合日常对话参考。,
MAY_0386,data/raw/wav/MAY_0386.wav,でもね、過去を変えるって何を変えればいいのかな。,ja,6.992,worried,neutral,3,5,True,完整内心独白，带有思索与轻微不安，情绪明确且时长适中。,
MAY_0387,data/raw/wav/MAY_0387.wav,あ、それじゃあね。こういうのはどうかな。羽賀君にマユシーのコスを着てもらえるように格好を変えるの。,ja,10.544,gentle,teasing,2,2,False,文本较长且包含多句，时长超出建议区间，不适合作为单句参考。,可考虑拆分使用
MAY_0388,data/raw/wav/MAY_0388.wav,ルカ君にメールを送るとかだよへへへ。,ja,4.888,teasing,happy,3,4,True,时长适中，带有明显的笑声和调侃语气，情绪明确。,适合参考
MAY_0389,data/raw/wav/MAY_0389.wav,うん。,ja,1.544,neutral,,1,1,False,文本过短且为单字回应，缺乏明确情绪和完整语义。,
MAY_0390,data/raw/wav/MAY_0390.wav,わあそれねすごくいいかも。,ja,4.488,happy,excited,3,5,True,时长合适，句子完整，带有明显的惊喜与赞同情绪，非常适合作为参考。,优质候选
MAY_0392,data/raw/wav/MAY_0392.wav,うんわかった。じゃあ過去を変える前にラーメン全部食べとかないと。,ja,9.504,neutral,serious,2,2,False,时长偏长，包含两个分句，信息量较大，不适合作为单句情绪参考。,建议截取前半句
MAY_0393,data/raw/wav/MAY_0393.wav,もったいないもん。,ja,1.688,gentle,,2,2,False,时长不足2秒，过于简短，不适合作为独立参考。,语气偏日常轻微抱怨。
MAY_0394,data/raw/wav/MAY_0394.wav,ああメールまだ送れてないよ。,ja,4.056,neutral,,2,4,True,时长适中，句子完整，情绪平稳清晰，适合作为参考。,日常陈述语气。
MAY_0395,data/raw/wav/MAY_0395.wav,えっ、うんと、うんじゃあ昨日買ったおにぎりの具を違うものにするとか。,ja,9.312,neutral,,2,2,False,时长超过9秒，含较多犹豫语气词，口语化较强且不够精炼。,思考过程中的即兴表达。
MAY_0397,data/raw/wav/MAY_0397.wav,だからね、おかかをうんと明太子にしようよ。,ja,9.2,happy,,3,2,False,时长偏长，语速较慢或带有拖音，不符合最佳参考区间。,提议语气。
MAY_0398,data/raw/wav/MAY_0398.wav,いいと思います。萌花さんもラブ面だもんね。,ja,5.472,teasing,,3,4,True,时长合适，语义完整，带有轻微调侃与认同感，适合参考。,单句独立性强，情绪明确。
MAY_0399,data/raw/wav/MAY_0399.wav,でもでも女の子にはね秘密がいっぱいあるのです。,ja,6.432,teasing,gentle,2,4,True,文本完整独立，语气带有分享秘密的俏皮感，时长适中。,适合轻快/俏皮语气参考
MAY_0400,data/raw/wav/MAY_0400.wav,誰にも言えない秘密をね、自分だけに教えろげーって言ってるのと同じだよ。,ja,8.192,neutral,,2,3,False,句子偏长且为解释性说明，情绪较平淡，时长略超推荐区间。,语速可能偏慢，需控制节奏
MAY_0401,data/raw/wav/MAY_0401.wav,へえそうなのマユシはねさっきそんな覚悟せずに送ろうとしてたよ。,ja,8.904,neutral,happy,2,2,False,时长明显偏长，且包含较强上下文依赖，不适合作为独立参考句。,需结合前后文理解
MAY_0402,data/raw/wav/MAY_0402.wav,ごめんねクリスちゃん。,ja,3.064,gentle,worried,3,4,True,文本简短完整，道歉语气明确，时长理想，适合作为情感参考。,适合温柔/歉意语气
MAY_0403,data/raw/wav/MAY_0403.wav,萌香さん、無理しないでね。,ja,3.736,worried,gentle,3,5,True,关怀劝阻语气明确，句子独立完整，时长完美契合参考标准。,高质量参考候选
MAY_0404,data/raw/wav/MAY_0404.wav,ジー ジー ゼロ一。,ja,2.856,neutral,,1,2,False,文本为编号朗读，情绪平淡且缺乏通用性。,时长合适，但内容过于功能化。
MAY_0405,data/raw/wav/MAY_0405.wav,ねえねえどうして萌香さんのことシヤツシって呼ぶの。,ja,5.984,teasing,,2,4,True,句子完整，时长适中，带有日常对话的询问语气，适合作为参考。,无明显情绪爆发，适合中性或微带好奇的基准音色。
MAY_0406,data/raw/wav/MAY_0406.wav,萌香さんはね、萌香さんだからだよ。それにね、しやつしさんじゃなくて編集プロダクションで働いてて。,ja,11.736,gentle,,2,2,False,时长超出建议区间，句子较长且包含多重解释，不适合作为单句参考。,建议截取前半句使用。
MAY_0407,data/raw/wav/MAY_0407.wav,うううううううん。,ja,3.64,other,,1,1,False,纯语气词/沉吟声，缺乏完整语义，不适合作为语音合成参考。,仅适合特定语气填充。
MAY_0408,data/raw/wav/MAY_0408.wav,誰?,ja,3.312,serious,,2,3,False,文本过短且高度依赖上下文，情绪指向不明确。,适合作为补充语料而非主参考。
MAY_0409,data/raw/wav/MAY_0409.wav,オカリ大丈夫顔真っ青だよ。,ja,5.152,worried,,3,4,True,文本完整，表达关心与担忧，时长适中，适合作为参考。,语气自然，适合表现角色关切状态。
MAY_0410,data/raw/wav/MAY_0410.wav,あのねマユシはよくわかんないけど。,ja,4.576,neutral,,2,2,False,句末带转折语气词，语义不完整，强依赖上下文。,残句特征明显，不适合作为独立参考。
MAY_0411,data/raw/wav/MAY_0411.wav,今もマユシイやオカリんたちがちゃんとこうしておしゃべりできてるっていうことはね、きっとそのパラドックスは起きてないんだよ。,ja,11.4,gentle,serious,3,2,False,时长明显超出建议区间，句子过长，不适合作为单句短参考。,信息量大，建议截取核心片段使用。
MAY_0412,data/raw/wav/MAY_0412.wav,萌香さんっていう人もね、マユシーは知らないけど、きっと大丈夫。,ja,7.192,gentle,,3,4,True,语义完整，带有安慰与温和语气，时长在理想区间内。,情绪平稳连贯，适合日常对话参考。
MAY_0413,data/raw/wav/MAY_0413.wav,ええっマヨしいはアホの子じゃないよ。,ja,4.52,teasing,happy,3,4,True,文本完整，带有俏皮否认的语气，时长适中。,情绪鲜明活泼，适合表现角色轻松一面。
MAY_0414,data/raw/wav/MAY_0414.wav,おっオカリ大丈夫?,ja,3.304,worried,,3,4,True,文本完整，表达关心，时长适中，适合作为参考。,
MAY_0415,data/raw/wav/MAY_0415.wav,でもオカリすごく苦しそうだよ。,ja,3.984,worried,,4,4,True,担忧情绪明确，句子完整且时长合适。,
MAY_0416,data/raw/wav/MAY_0416.wav,お帰り。苦しいの。,ja,3.608,worried,gentle,3,3,False,由两个短句拼接，语境依赖较强，独立参考性一般。,
MAY_0420,data/raw/wav/MAY_0420.wav,そしたらバイトに行くのもすぐだもん。ねえねえクリスちゃん、今度みんなでお泊り会いしよう。,ja,9.56,excited,happy,4,2,False,时长超出建议区间，且包含多句闲聊，不适合作为单句参考。,
MAY_0421,data/raw/wav/MAY_0421.wav,ああそういえばそんな約束してたもんね。じゃあ今度お邪魔するね。,ja,8.864,gentle,,2,2,False,时长偏长，偏向日常对话衔接，独立参考性较弱。,
MAY_0422,data/raw/wav/MAY_0422.wav,ねえ、オカリ。,ja,2.256,neutral,,1,2,False,文本仅为称呼，情绪指向不明且高度依赖上下文。,时长虽在区间内但信息量不足
MAY_0423,data/raw/wav/MAY_0423.wav,おかリンって小学生の頃、すごい熱を出して一ヶ月ぐらい寝込んでたことがあったよね。,ja,10.288,gentle,serious,2,2,False,句子完整但时长明显超出建议上限，不适合作为短参考。,回忆叙述，语速偏慢
MAY_0424,data/raw/wav/MAY_0424.wav,あの時ねマユシイはオカリが死んじゃうんじゃないかって思ってすごく怖かったんだよ。,ja,9.64,worried,sad,3,2,False,情绪明确但时长超标，且为长句叙述。,表达过去恐惧感
MAY_0425,data/raw/wav/MAY_0425.wav,だからね、おばあちゃんと一緒に、お空に祈ってたの。おかり死なないでって。,ja,9.288,sad,worried,4,2,False,情感饱满但时长过长，且带有较强上下文延续性。,祈祷语气，情绪浓度高
MAY_0426,data/raw/wav/MAY_0426.wav,へえそうだったんだ。オカリナってすごいんだね。,ja,5.424,happy,gentle,2,4,True,时长适中，句子完整独立，情绪自然明确，适合单句参考。,日常感叹语气
MAY_0427,data/raw/wav/MAY_0427.wav,でもね、まだちっちゃかったマユシーはそのことが分からなかったから、お空に祈ってて。,ja,9.336,gentle,,2,3,False,时长略超建议区间，偏故事叙述，单句独立性一般。,语气怀旧柔和
MAY_0428,data/raw/wav/MAY_0428.wav,でね大晦日もうすぐ年が明けるっていう時にね流れ星がピュって流れたの今みたいに。,ja,11.832,gentle,,2,2,False,时长明显过长，口语化连接词多，不适合作为独立参考句。,偏日常闲聊叙述
MAY_0429,data/raw/wav/MAY_0429.wav,流れ星はね、消える前に三回願い事を唱えることができたら、願いが叶うんだよ。知ってたかな?,ja,10.512,gentle,,2,2,False,时长超标，含设定说明与提问，上下文依赖较强。,语气偏科普讲述
MAY_0430,data/raw/wav/MAY_0430.wav,もちろんまゆしいは一生懸命三回唱えたの。,ja,5.296,serious,,3,4,True,时长适中，语义完整，情绪明确且适合单句参考。,语气认真可爱
MAY_0431,data/raw/wav/MAY_0431.wav,次の日年が明けた頃にね、おかりんは熱が下がって目を覚ましたのです。,ja,7.912,gentle,,2,4,True,时长在建议区间内，句子完整独立，情绪平稳清晰。,偏叙述但结构完整
MAY_0432,data/raw/wav/MAY_0432.wav,つまりマヨシはオカリの命の恩人なんだよ。,ja,6.32,serious,,2,4,True,文本完整，时长合适，语气带有解释说明的认真感。,
MAY_0433,data/raw/wav/MAY_0433.wav,へえ、そうなの。,ja,2.744,neutral,,2,4,True,常见回应短句，情绪平稳，时长适中，适合作为中性语气参考。,
MAY_0434,data/raw/wav/MAY_0434.wav,そっかあ。,ja,1.696,neutral,,1,2,False,时长明显过短，信息量不足，不适合作为主要参考音频。,
MAY_0435,data/raw/wav/MAY_0435.wav,ねえねえ、熱が下がった時ね、オカリはこんなことを言ってたんだけど、覚えてる?,ja,8.384,gentle,,3,3,False,句子完整且带有自然对话感，时长略超但仍在可用范围，适合日常语气参考。,
MAY_0436,data/raw/wav/MAY_0436.wav,急に見ているものがくにゃくにゃしてきて、立っていられなくてフラフラして、んで体がビクってなったって。,ja,11.224,serious,,3,2,False,时长明显过长，且为连续症状描述，不适合作为单句标准参考。,
MAY_0437,data/raw/wav/MAY_0437.wav,さっきのオカリもね、そんな感じだったよ。,ja,4.424,neutral,,2,4,True,句子完整，时长适中，语气自然平和，适合作为中性参考。,
MAY_0438,data/raw/wav/MAY_0438.wav,大丈夫また熱出して倒れたりしない。,ja,5.552,gentle,,3,4,True,带有安抚与保证语气，时长合适，情绪明确，适合作为参考。,
MAY_0439,data/raw/wav/MAY_0439.wav,ルカ君ならね、大歓迎だよ。,ja,3.968,happy,,3,5,True,表达明确欢迎，情绪积极温暖，时长完美，非常适合作为参考。,
MAY_0441,data/raw/wav/MAY_0441.wav,それとルカ君はね、今日はマユシーのお客様なんだよ。衣装合わせに来たんだから、邪魔しちゃダメなのです。,ja,11.339,serious,,3,2,False,句子偏长且包含两层意思，时长超出理想区间，不适合作为单句参考。,
MAY_0442,data/raw/wav/MAY_0442.wav,うんサイズが合ってるかどうかの確認だけだよ。,ja,4.715,neutral,,2,4,True,句子完整，语气自然，时长合适，适合作为中性说明参考。,
MAY_0443,data/raw/wav/MAY_0443.wav,じゃあ。,ja,1.632,neutral,,1,1,False,文本过短且为口语过渡词，缺乏完整语义和明确情绪。,时长不足2秒，高度依赖上下文。
MAY_0444,data/raw/wav/MAY_0444.wav,えっとね、ライネットのキラリちゃんだよ。,ja,4.469,gentle,,2,4,True,时长适中，句子完整，语气自然温和，适合作为参考。,自我介绍类语句，结构清晰。
MAY_0445,data/raw/wav/MAY_0445.wav,とりあえず完成度は七十パーセントってところなんだけどね。今この場でルカ君に試着してほしいんだ。,ja,10.56,serious,neutral,2,2,False,时长超过8秒，包含两句独立语义，不适合作为单句参考。,信息量较大，建议拆分处理。
MAY_0446,data/raw/wav/MAY_0446.wav,お願い。,ja,1.643,gentle,,2,1,False,文本极短且高度依赖上下文，时长不足2秒。,常见祈使句，单独使用信息不足。
MAY_0447,data/raw/wav/MAY_0447.wav,そうだよきっとねとっても可愛くなるよ。,ja,5.195,happy,gentle,3,5,True,时长理想，语义完整，情绪积极明确，非常适合作为参考音频。,鼓励/肯定语气，单句结构完整。
MAY_0448,data/raw/wav/MAY_0448.wav,さあさあさあ、ルカくん変身しよう変身。,ja,6.752,excited,happy,4,4,True,文本完整，情绪积极且带有催促感，时长合适。,适合做兴奋/催促类参考。
MAY_0449,data/raw/wav/MAY_0449.wav,ほらー、恥ずかしがってないで服を脱ぎ脱ぎして。,ja,6.176,teasing,gentle,3,4,True,语气带有调侃与引导，句子完整，时长适中。,适合做轻松调侃类参考。
MAY_0450,data/raw/wav/MAY_0450.wav,でもねこれ着るのにコツがいるんだ。だからまゆしが一から十までちゃんと教えてあげる。,ja,10.347,gentle,serious,2,2,False,句子偏长，时长超出建议区间，作为单句参考不够精炼。,适合做长句或讲解类参考，但初筛降权。
MAY_0451,data/raw/wav/MAY_0451.wav,ルーカくん、ほら、恥ずかしがらずに出てきてよ。,ja,5.632,gentle,happy,3,4,True,语气温柔鼓励，句子独立完整，时长符合标准。,适合做温柔引导类参考。
MAY_0452,data/raw/wav/MAY_0452.wav,ルカ君。,ja,1.272,neutral,,1,1,False,仅为称呼，时长过短，缺乏完整情绪表达。,不适合作为独立参考音频。
MAY_0453,data/raw/wav/MAY_0453.wav,あああああ!まゆしは感動だよ。やっとルカ君に来てもらえた。,ja,9.104,excited,happy,4,3,False,文本完整且情绪饱满明确，但时长略超8秒建议上限，故适当降分。,感叹词较多，适合提取高情绪片段
MAY_0454,data/raw/wav/MAY_0454.wav,あのね可愛いは正義なんだよ。,ja,4.264,happy,teasing,3,5,True,时长完美落在建议区间，句子独立完整，语气轻松明确，非常适合作为参考。,
MAY_0455,data/raw/wav/MAY_0455.wav,おかりんの感想はどうかな。,ja,2.488,neutral,,2,4,True,日常询问句式，时长合适，情绪平稳，适合作为基础语调参考。,
MAY_0456,data/raw/wav/MAY_0456.wav,えー キラリちゃんは刀は持たないよ。むしろね、ウーパを持つとぴったりだよ。,ja,9.776,gentle,neutral,2,2,False,时长接近10秒明显偏长，且为解释性长句，不适合作为单句短参考。,
MAY_0457,data/raw/wav/MAY_0457.wav,クリスチャン、トゥトゥル。,ja,3.008,happy,gentle,3,4,True,角色标志性问候语，时长适中，情绪轻快，适合提取特征音色。,
MAY_0458,data/raw/wav/MAY_0458.wav,クリスチャンどうかなこのコス、ルカ君にすごく似合ってるって思うでしょ?,ja,7.16,happy,teasing,3,4,True,句子完整，时长在理想区间内，带有分享喜悦与寻求认同的语气，适合作为参考。,
MAY_0460,data/raw/wav/MAY_0460.wav,へえ、マユシのお願いも初対面ザゲートに後押ししてほしいよ。,ja,8.056,neutral,,2,2,False,语境依赖较强，专有名词较多导致表达略显生硬，时长略超建议上限。,
MAY_0461,data/raw/wav/MAY_0461.wav,クリスちゃんも可愛いよ。,ja,2.624,gentle,,3,5,True,文本简短完整，语气温柔肯定，时长适中，非常适合作为参考。,
MAY_0462,data/raw/wav/MAY_0462.wav,あうん、ルカくんかわいいね。,ja,4.872,happy,gentle,4,5,True,情感明确饱满，带有明显的喜爱与感叹语气，时长完美。,
MAY_0463,data/raw/wav/MAY_0463.wav,へえ知らなかった。じゃあマユシのママもクリスチャンのママもたくさんお野菜食べたんだね。,ja,11.512,neutral,,2,2,False,时长明显超出建议区间，偏向日常叙述，情绪平淡且句子较长。,
MAY_0464,data/raw/wav/MAY_0464.wav,まゆしいはジューシー唐揚げナンバーワンばっかり食べてるから、将来子供を産むときは男の子なのかな。,ja,10.504,neutral,,2,2,False,时长超标，语气偏日常闲聊，情绪不够集中。,时长10.5秒超出建议区间。
MAY_0465,data/raw/wav/MAY_0465.wav,ねえねえ、バナナはお野菜に含まれると思う。,ja,4.888,happy,,3,4,True,时长适中，句子完整，语气轻松活泼，适合参考。,
MAY_0466,data/raw/wav/MAY_0466.wav,電話レンジちゃん、チーンってしたら男の子か女の子かわかるの?,ja,7.528,teasing,,3,4,True,时长合适，疑问句情绪明确，带轻松好奇感，适合参考。,
MAY_0467,data/raw/wav/MAY_0467.wav,うんとルカ君が女の子になっちゃったらね今度からはルカちゃんって呼ばないとだめだね。,ja,11.072,neutral,,2,2,False,时长明显过长，含口语停顿，依赖上下文。,时长11秒，不适合短参考。
MAY_0468,data/raw/wav/MAY_0468.wav,ルカちゃんはマユシのコス着てくれる。,ja,4.184,gentle,,2,4,True,时长适中，陈述完整，语气温和自然，适合参考。,
MAY_0469,data/raw/wav/MAY_0469.wav,そうだったの。言ってくれればよかったのに。,ja,4.76,gentle,worried,2,4,True,文本完整，语气带有轻微遗憾与温柔，时长适中，适合作为参考。,
MAY_0470,data/raw/wav/MAY_0470.wav,そんなこと気にしなくていいんだよ。だってね、まゆしもさっぱりだもん。,ja,7.624,gentle,happy,2,4,True,文本完整，带有安慰与轻松语气，时长在合理区间，适合参考。,
MAY_0471,data/raw/wav/MAY_0471.wav,そうだよマユシと同じ年なのです。それがどうしたの?,ja,6.492,serious,teasing,3,4,True,文本完整，带有反问与认真语气，情绪明确，时长合适。,
MAY_0472,data/raw/wav/MAY_0472.wav,ああ、そっか。,ja,2.619,neutral,,1,2,False,文本过短且情绪平淡，缺乏鲜明特征，不适合作为主要参考。,
MAY_0473,data/raw/wav/MAY_0473.wav,だったらだったら手紙をタイムカプセルに入れて埋めるっていうのは。,ja,6.869,gentle,,2,2,False,句末为未完成句式，上下文依赖较强，不适合作为独立参考。,
MAY_0474,data/raw/wav/MAY_0474.wav,そっか。,ja,1.419,neutral,,1,1,False,时长不足2秒且文本过短，情绪指向不明确。,
MAY_0475,data/raw/wav/MAY_0475.wav,じゃあクリスチャンのナイスアイデアにマユシは期待です。,ja,5.312,happy,excited,3,4,True,句子完整，时长适中，表达明确的期待与积极情绪。,
MAY_0476,data/raw/wav/MAY_0476.wav,ああよかったねルカくん。,ja,3.733,gentle,happy,3,5,True,语义完整，时长理想，带有明显的欣慰与安抚语气。,
MAY_0477,data/raw/wav/MAY_0477.wav,どうして八三一なの。,ja,2.443,serious,worried,2,4,True,疑问句结构完整，时长合适，情绪明确偏向认真询问。,
MAY_0478,data/raw/wav/MAY_0478.wav,だったらだったら二九二九二九二九っていうのは。,ja,7.276,other,teasing,2,2,False,句末省略且带有重复语气词，语义未完结，上下文依赖较强。,
MAY_0479,data/raw/wav/MAY_0479.wav,にこにこにこにこ。,ja,2.704,happy,,2,2,False,文本为重复拟态词，缺乏完整语义，不适合作为通用语音参考。,仅适合特定表情或语气片段
MAY_0481,data/raw/wav/MAY_0481.wav,じゃあ早速撃ってみようよ。,ja,3.408,excited,,3,4,True,句子完整，带有行动意愿，情绪明确，时长合适。,
MAY_0482,data/raw/wav/MAY_0482.wav,失敗って何が?,ja,3.72,neutral,,2,4,True,疑问句结构完整，语气平稳，适合中性参考。,
MAY_0483,data/raw/wav/MAY_0483.wav,あうんいいよサイズはバッチリだったから完成したらまた来てね。,ja,7.96,gentle,,3,4,True,语义连贯完整，语气安抚友好，时长接近上限但仍可用。,信息量稍大，需注意语速
MAY_0484,data/raw/wav/MAY_0484.wav,えー、夜鍋って何?夜にお鍋を食べるの?,ja,7.016,excited,,3,4,True,表达好奇与疑问，句子完整，时长适中。,
MAY_0485,data/raw/wav/MAY_0485.wav,ちなみにね、マユシーはコスでお金は取らない主義なのです。,ja,5.788,neutral,gentle,2,5,True,文本完整独立，时长处于理想区间，语气平和自然，适合作为基准参考。,
MAY_0486,data/raw/wav/MAY_0486.wav,趣味は趣味のままがいいもん。それにね、自分の作ったコスを誰かに着てもらうだけで幸せなんだ。,ja,10.608,happy,gentle,3,3,False,时长超过10秒且包含两句完整表达，作为单句参考偏长。,情绪偏温和满足
MAY_0487,data/raw/wav/MAY_0487.wav,それは無理だよ。,ja,1.904,serious,,3,3,False,时长不足2秒，信息量较少，不适合作为稳定参考。,语气偏否定
MAY_0488,data/raw/wav/MAY_0488.wav,うんマヨシーはとりあえずねこのラボでのんびりやっていきたいな。,ja,8.347,gentle,happy,2,3,False,文本完整，语气轻松自然，时长略超但仍在可用范围。,适合表现放松状态
MAY_0489,data/raw/wav/MAY_0489.wav,ねえねえオカリナボメン六人になったね。こんなに増えるなんてね、マユシは思ってもなかったよ。,ja,10.384,excited,happy,4,2,False,时长过长且为复合句，情绪起伏较大，不适合作为单句基准参考。,适合表现惊喜场景
MAY_0490,data/raw/wav/MAY_0490.wav,マユシイが人質になった甲斐があったかも。,ja,3.808,gentle,teasing,2,4,True,句子完整，时长适中，语气带有轻微释然与调侃，适合作为单句参考。,
MAY_0491,data/raw/wav/MAY_0491.wav,そういう言い方は良くないと思うな。それにね、まゆしいはママとさせられてないよ。,ja,8.912,serious,gentle,3,3,False,语义完整但时长略超上限，语气认真温和，可作为参考但需注意节奏。,
MAY_0492,data/raw/wav/MAY_0492.wav,ねえ、オカリ。,ja,1.68,neutral,,2,2,False,时长过短且为呼唤残句，缺乏独立情绪表达，不适合参考。,
MAY_0493,data/raw/wav/MAY_0493.wav,オカリナこれからもマユシイのこと人質にしておいてくれる。,ja,7.136,gentle,happy,3,4,True,句子完整，时长在理想区间，情感明确且带有依赖感，适合参考。,
MAY_0494,data/raw/wav/MAY_0494.wav,うん。,ja,1.68,neutral,,1,1,False,仅为单字应答，时长过短且严重依赖上下文，不适合参考。,
MAY_0495,data/raw/wav/MAY_0495.wav,痛いかも。,ja,1.808,worried,,2,3,False,时长略低于建议区间下限，独立参考性稍弱。,
MAY_0496,data/raw/wav/MAY_0496.wav,うん?,ja,1.024,neutral,,1,1,False,时长过短且仅为语气词，缺乏完整语义与明确情绪。,
MAY_0497,data/raw/wav/MAY_0497.wav,だって人質でいればね、まゆしいは寂しくないし、おかわりも寂しくないから。へへ。,ja,10.464,gentle,happy,3,2,False,时长超出建议上限，句子较长且含笑声，不利于单句特征提取。,
MAY_0498,data/raw/wav/MAY_0498.wav,ああそろそろマユシは帰るね。,ja,3.632,neutral,gentle,2,4,True,时长适中，语义完整，情绪平稳自然，适合日常语气参考。,
MAY_0500,data/raw/wav/MAY_0500.wav,本当どうしたの?,ja,2.805,worried,,3,5,True,时长合适，疑问句式明确表达关切，语义完整独立，极适合作为参考。,
MAY_0501,data/raw/wav/MAY_0501.wav,じゃあね、えっとキッチン次郎がいいな。,ja,5.84,neutral,,2,4,True,文本完整独立，语气自然日常，时长符合标准。,含轻微口语停顿，适合日常对话参考。
MAY_0502,data/raw/wav/MAY_0502.wav,あそこのメンチカツはね神なのです。,ja,4.272,happy,,3,5,True,情感明确（赞美/开心），句子完整，时长理想。,适合表现角色对事物的喜爱与推荐。
MAY_0503,data/raw/wav/MAY_0503.wav,わーいオカリナ大好きマユシェはとっても幸せだよ。,ja,7.104,excited,,4,5,True,情绪饱满直接，表达清晰，非常适合作为开心/兴奋状态参考。,语气词强化了情绪特征，单句独立性强。
MAY_0504,data/raw/wav/MAY_0504.wav,クリスちゃんはね、本当はとっても素直で真面目な女の子なんだってまゆしは思うな。,ja,9.37,gentle,,2,3,False,时长超出建议区间，偏向内心独白与叙述，单句参考性较弱。,语速偏慢且结构稍长，不适合作为短参考音频。
MAY_0505,data/raw/wav/MAY_0505.wav,そんなクリスチャンがね、マユシはとっても愛おしいのです。,ja,5.632,gentle,,3,4,True,情感温柔明确，句子结构完整，时长适中。,表达喜爱之情，适合温柔语气参考。
MAY_0506,data/raw/wav/MAY_0506.wav,はい、クリスチャンにナゲット一個あげるね。,ja,3.904,gentle,,2,4,True,文本完整独立，时长适中，语气温和自然，适合参考。,日常互动句
MAY_0507,data/raw/wav/MAY_0507.wav,二人ともパンツパンツ言うの禁止。マユシーは食事中なんだよ。,ja,8.56,serious,,3,3,False,句子完整但略超时长上限，语气偏认真提醒，可作为参考。,包含两个分句，节奏稍长
MAY_0508,data/raw/wav/MAY_0508.wav,違うよクリスチャン。あのね、この前おかリンが言ってたけど、円卓はみんなの心の中にあるんだって。,ja,11.6,serious,,2,2,False,时长明显过长，且含较多背景说明与上下文依赖，不适合单句参考。,解释性较强
MAY_0509,data/raw/wav/MAY_0509.wav,そうなの?,ja,1.312,neutral,,2,1,False,时长过短且为简短回应，情绪不明确，高度依赖上下文。,极短疑问句
MAY_0510,data/raw/wav/MAY_0510.wav,ゲルオカリナになっちゃうね。,ja,3.92,teasing,,2,4,True,文本完整，时长合适，语气轻松带调侃，适合作为参考。,带有轻微感叹意味
MAY_0511,data/raw/wav/MAY_0511.wav,電波が届かないところにいますってなるんじゃないかなってまゆしは思います。,ja,8.432,neutral,worried,2,3,False,句子完整，语气偏向推测与平静，时长略超建议上限但整体可用。,
MAY_0512,data/raw/wav/MAY_0512.wav,なんだかマユシは怖いよ。,ja,5.07,worried,,4,5,True,情绪明确（害怕/担忧），时长适中，句子独立完整，非常适合作为参考。,
MAY_0516,data/raw/wav/MAY_0516.wav,それってすごいの。,ja,1.995,excited,happy,3,3,False,情绪积极明确，但时长略低于建议下限，作为单句参考稍显局促。,
MAY_0517,data/raw/wav/MAY_0517.wav,そんなの知らないよ。,ja,2.304,neutral,teasing,2,4,True,句子完整独立，语气自然，时长合适，适合作为日常对话参考。,
MAY_0518,data/raw/wav/MAY_0518.wav,ええと、最初に電話レンジちゃんがタイムマシンだって気づくきっかけになったメールだよね。,ja,9.323,neutral,serious,2,2,False,时长明显超标，含语气词且剧情依赖性强，不适合作为独立参考音频。,
MAY_0519,data/raw/wav/MAY_0519.wav,ロトシックスの当たり番号を書いて送ったんだっけ。ルカちゃんがその番号を買ったけど結局当たらなかったやつ。,ja,11.083,neutral,,2,2,False,文本较长且时长超出建议范围，偏向日常叙述，情绪不明显。,时长11秒偏长，信息量较大。
MAY_0520,data/raw/wav/MAY_0520.wav,それぐらいじゃないかな。,ja,2.475,neutral,,1,2,False,文本较短且高度依赖上下文，情绪平淡，不适合作为独立参考。,
MAY_0521,data/raw/wav/MAY_0521.wav,ああマユシはなんだか頭がこんがらがってきちゃったのです。,ja,8.128,worried,,2,3,False,文本完整，带有轻微的困惑情绪，时长略超上限但整体可用。,第三人称自称，角色特征明显。
MAY_0522,data/raw/wav/MAY_0522.wav,わあ。,ja,1.088,excited,,3,1,False,时长过短，仅为单字感叹，缺乏完整语义与情绪层次。,
MAY_0523,data/raw/wav/MAY_0523.wav,オカリも食べる?おいしいよ。,ja,3.349,happy,,3,4,True,时长适中，语义完整，带有明确的邀请与开心情绪，适合作为参考。,
MAY_0524,data/raw/wav/MAY_0524.wav,フェリスちゃんに用事があるの。今日お店に出てるかな。,ja,6.613,neutral,,2,4,True,文本完整独立，语气自然询问，时长符合标准。,
MAY_0525,data/raw/wav/MAY_0525.wav,うん、いいよ。,ja,1.899,neutral,,1,2,False,时长不足2秒，文本过短且缺乏明确情绪指向。,
MAY_0526,data/raw/wav/MAY_0526.wav,ああフェリスちゃんこんにちはにゃんにゃんまゆしいにゃん。,ja,6.357,happy,,3,4,True,文本完整，带有明显角色口癖与活泼情绪，时长合适。,包含拟声词，适合特定角色风格参考。
MAY_0527,data/raw/wav/MAY_0527.wav,休みなのにごめんね。あのね、オカリがフェリスちゃんとお話ししたいことがあるんだって。変わってもいいかな。,ja,12.0,gentle,,2,2,False,时长超过8秒，语境依赖强且为多句复合表达，不适合单句参考。,
MAY_0528,data/raw/wav/MAY_0528.wav,えー オカリはオカリんだよ。,ja,4.203,neutral,,2,4,True,文本独立完整，语气自然，时长适中，适合日常语气参考。,
MAY_0529,data/raw/wav/MAY_0529.wav,うん?京馬?京馬って誰?,ja,5.685,other,,3,4,True,文本完整，疑问语气明确，时长适中，适合作为参考。,
MAY_0530,data/raw/wav/MAY_0530.wav,とにかく変わるね。,ja,1.899,neutral,,2,3,False,时长略短，且带有较强上下文依赖，情绪不够独立。,
MAY_0531,data/raw/wav/MAY_0531.wav,はい、オカリ。,ja,1.792,neutral,,2,2,False,时长过短，仅为简短应答，缺乏独立情绪表达。,
MAY_0532,data/raw/wav/MAY_0532.wav,だってね、まゆしはフェリスちゃんのおうち遊びに行ったことないんだもん。,ja,7.211,gentle,,3,5,True,时长理想，句子完整且带有明显的角色口癖与情绪，非常适合作为参考。,
MAY_0533,data/raw/wav/MAY_0533.wav,一度ね、行きたいなって思ってたんだ。,ja,5.877,gentle,,3,4,True,文本完整，表达向往之情，语气自然，时长合适。,
MAY_0534,data/raw/wav/MAY_0534.wav,どうしたの?,ja,1.323,worried,,2,2,False,时长明显过短，且疑问句情绪依赖上下文，不适合作为独立参考。,
MAY_0535,data/raw/wav/MAY_0535.wav,前から思ってたんだけど。,ja,3.104,serious,,2,2,False,句子为铺垫性残句，语义不完整，高度依赖后续内容。,
MAY_0536,data/raw/wav/MAY_0536.wav,萌香さんって綺麗な人だよね。スタイルも抜群だし、背も高いし。,ja,9.451,gentle,happy,3,3,False,文本完整且赞美情绪明确，但时长超出建议区间，适当降分。,
MAY_0537,data/raw/wav/MAY_0537.wav,コスプレさせたら映えそうだな。へへ。,ja,5.045,teasing,happy,3,5,True,时长处于理想区间，文本独立完整，带有明确的调侃语气，非常适合作为参考。,
MAY_0538,data/raw/wav/MAY_0538.wav,知ってるよ。,ja,1.44,neutral,,1,2,False,时长过短，情绪平淡且缺乏特征，不适合作为推理参考。,
MAY_0539,data/raw/wav/MAY_0539.wav,ああああああ。,ja,3.648,other,,3,1,False,纯语气词无明确语义，情绪指向模糊，不适合作为参考。,
MAY_0540,data/raw/wav/MAY_0540.wav,オカリナ連れてきたよ。,ja,8.672,gentle,,2,3,False,语义完整，语气自然，时长略超建议区间但仍可接受。,
MAY_0541,data/raw/wav/MAY_0541.wav,ねえねえお帰りそれよりそろそろフェリスちゃんのお家に行かないとねきっと待ちくたびれてるよ。,ja,10.133,excited,,3,2,False,句子过长且包含多个意群，超出推荐时长，不适合作为单句参考。,
MAY_0542,data/raw/wav/MAY_0542.wav,えっとね、マユシが教えちゃってもいいのかな。,ja,5.461,worried,,2,5,True,时长适中，语义完整，带有明显的犹豫与关切语气，非常适合作为参考。,
MAY_0543,data/raw/wav/MAY_0543.wav,ああ、そっか、そうだよね。,ja,3.616,neutral,,2,4,True,时长合适，语义完整，情绪平稳自然，适合作为中性参考。,
MAY_0544,data/raw/wav/MAY_0544.wav,その代わりね、他の人には内緒だよ。例えばメイクインに来るご主人様たちとか。,ja,10.315,teasing,gentle,3,2,False,时长超过8秒且开头依赖上下文，不适合作为独立参考句。,语气偏向分享秘密的俏皮感。
MAY_0545,data/raw/wav/MAY_0545.wav,あのねフェリスちゃんの本名は秋原美穂ちゃんっていうんだ。,ja,6.528,gentle,,2,4,True,时长适中，句子完整独立，语气自然温和，适合作为参考。,适合日常对话或介绍类语音。
MAY_0546,data/raw/wav/MAY_0546.wav,あー すごい。,ja,5.013,excited,happy,4,3,True,情绪明确，时长合适，但文本较短且依赖具体情境。,感叹类短句，适合情绪反应参考。
MAY_0547,data/raw/wav/MAY_0547.wav,とりあえず入ってみようよ。,ja,4.149,neutral,,2,4,True,句子完整独立，时长标准，语气自然，适合日常对话参考。,提议/行动类语句。
MAY_0548,data/raw/wav/MAY_0548.wav,り、リアル羊さんだ。,ja,4.128,excited,embarrassed,4,3,True,带有口吃表现惊讶情绪，文本完整，时长合适，适合特定情绪参考。,适合表现惊讶或紧张的反应。
MAY_0549,data/raw/wav/MAY_0549.wav,フェリスちゃんこんにちはにゃんにゃん。,ja,3.541,happy,teasing,3,4,True,文本完整，语气轻松友好，时长适中，适合作为参考。,带有角色口癖，适合特定人设。
MAY_0550,data/raw/wav/MAY_0550.wav,そっかー。だから秋葉さんなんだね。,ja,5.12,neutral,gentle,2,4,True,句子完整，表达恍然大悟的日常语气，时长合适。,语气偏日常对话，情绪平稳。
MAY_0551,data/raw/wav/MAY_0551.wav,わー すごい。,ja,3.115,excited,happy,4,3,True,感叹句情绪明确，但较短且依赖上下文，评分适中。,适合提取惊讶/赞叹语气。
MAY_0555,data/raw/wav/MAY_0555.wav,そっかあ。いつもの癖なら仕方ないね。でも良かった。,ja,6.997,gentle,neutral,3,5,True,语义完整，情绪层次清晰（理解到释然），时长极佳。,适合表现温柔包容的语气。
MAY_0557,data/raw/wav/MAY_0557.wav,そうだったんだ。,ja,2.101,neutral,,2,2,False,句子过短且高度依赖上下文，独立作为参考音频价值较低。,需结合前后文才能准确判断语气。
MAY_0558,data/raw/wav/MAY_0558.wav,おかりおかり、ペリスちゃんが喜んでくれて良かったね。,ja,6.635,happy,,2,5,True,文本完整，情绪明确为欣慰开心，时长在理想区间内。,
MAY_0561,data/raw/wav/MAY_0561.wav,えっとということはね、八万六千秒も動かし続けないとダメなの?,ja,9.995,worried,,3,3,False,句子完整但时长偏长，带有口语化思考词，情绪为担忧疑问。,
MAY_0562,data/raw/wav/MAY_0562.wav,電話レンジちゃん疲れちゃうんじゃないかな。,ja,4.416,gentle,,2,5,True,文本完整，语气温柔关切，时长非常合适。,
MAY_0563,data/raw/wav/MAY_0563.wav,オカリ、あのね、きっとプライベートな内容だから、制作するのは良くないと思うんだ。,ja,9.152,serious,,3,2,False,时长过长且含较多口语停顿，上下文依赖较强，不适合作为独立参考。,
MAY_0564,data/raw/wav/MAY_0564.wav,わあわあまたウイルスカード。,ja,4.544,worried,,4,4,True,情绪鲜明直接，带有惊讶与担忧，时长适中。,
MAY_0565,data/raw/wav/MAY_0565.wav,はあああ、リンクカードは三枚取られたでしょ?ウイルスカードは三枚取っちゃったでしょ?,ja,10.421,worried,,2,2,False,时长超出建议区间，文本较长且为连续反问，不适合作为单句参考。,
MAY_0566,data/raw/wav/MAY_0566.wav,まゆしはね、絶体絶命なのです。,ja,5.024,worried,,3,4,True,时长适中，语义完整，情绪明确，适合作为参考。,
MAY_0567,data/raw/wav/MAY_0567.wav,はーん。,ja,1.707,neutral,,1,1,False,时长过短且仅为语气词，缺乏完整语义。,
MAY_0569,data/raw/wav/MAY_0569.wav,そんな。,ja,1.44,sad,,2,2,False,时长过短，语义高度依赖上下文，情绪表达不完整。,
MAY_0570,data/raw/wav/MAY_0570.wav,はあやっぱりフェリスちゃんは強いね。,ja,5.653,happy,,2,4,True,时长合适，句子完整，带有感叹与认可情绪，适合单句参考。,
MAY_0572,data/raw/wav/MAY_0572.wav,あのね決勝戦はラボのみんなで応援に行くね。,ja,5.973,happy,,3,5,True,文本完整，语气积极明确，时长适中，适合作为参考。,
MAY_0573,data/raw/wav/MAY_0573.wav,フェリスちゃんのパパさんって社長さんなんだよね。すごいなあ。,ja,7.296,excited,,3,5,True,表达赞叹与惊讶，情绪鲜明，句子完整且时长合适。,
MAY_0574,data/raw/wav/MAY_0574.wav,それじゃあマユシイたちはこれでバイバイさせてもらうね。,ja,5.728,gentle,,2,5,True,告别用语完整自然，语气温和，时长符合标准。,
MAY_0575,data/raw/wav/MAY_0575.wav,ダルくん、フェリスちゃんを困らせたらダメなんだよ。,ja,4.597,serious,,3,5,True,劝诫语气明确，句子结构完整，时长适中。,
MAY_0576,data/raw/wav/MAY_0576.wav,ほら、オカリも帰ろう。,ja,2.976,gentle,,2,4,True,日常催促语气自然，文本完整，时长在合理区间偏短但仍可用。,
MAY_0577,data/raw/wav/MAY_0577.wav,ああオカリあのねマユシーはこれからお家に帰るんだけど中野に寄っていこうと思って。,ja,10.944,neutral,,2,2,False,句子偏长且为日常闲聊，时长超出建议区间，上下文依赖较强。,包含特定地名与人名，独立参考价值较低。
MAY_0579,data/raw/wav/MAY_0579.wav,あのね昨日アイソードの同人誌が出たんだ。,ja,6.319,happy,excited,3,4,True,时长合适，语义完整，带有分享消息的轻快情绪，适合作为参考。,无
MAY_0581,data/raw/wav/MAY_0581.wav,うんそうだよ。,ja,2.216,neutral,,1,3,True,时长在建议区间内，但句子较短且情绪平淡，特征不够鲜明。,仅适合作为中性附和语气参考。
MAY_0582,data/raw/wav/MAY_0582.wav,わかったー。,ja,1.456,neutral,,2,2,False,时长明显偏短，信息量不足，不适合作为独立参考音频。,无
MAY_0583,data/raw/wav/MAY_0583.wav,目の前ってどこ?,ja,3.664,neutral,worried,2,4,True,时长适中，疑问句结构完整，情绪明确，适合作为参考。,疑问语气清晰，适合训练询问语调。
MAY_0584,data/raw/wav/MAY_0584.wav,秋葉には虎の穴もアニメイトもないよ。だからまゆしは中野まで同人誌を買いに行くのです。,ja,11.376,neutral,,2,2,False,文本完整但时长明显超出建议区间，单句参考适配度较低。,建议截取前半句使用
MAY_0585,data/raw/wav/MAY_0585.wav,ないよ。,ja,1.544,neutral,,1,2,False,时长过短且为简短回应，缺乏独立语境与情绪层次。,需结合上下文使用
MAY_0586,data/raw/wav/MAY_0586.wav,アキバ王で同人誌が売ってるの?,ja,3.456,neutral,,2,4,True,时长适中，疑问句结构完整独立，语气明确适合参考。,疑问语调清晰
MAY_0587,data/raw/wav/MAY_0587.wav,メイクインって何かな?じゃがいも?,ja,6.304,teasing,happy,3,4,True,时长合适，语义完整且带有自然的好奇与轻微调侃语气。,日常对话感强
MAY_0588,data/raw/wav/MAY_0588.wav,マユシがバイトしてるのはルモアンドだよ。,ja,4.92,gentle,,2,5,True,时长完美落在建议区间，陈述句完整清晰，情绪平稳明确。,典型角色介绍句式
MAY_0589,data/raw/wav/MAY_0589.wav,ううん、普通の喫茶店。,ja,3.24,neutral,,1,4,True,文本完整，语气自然平淡，时长合适，适合作为中性参考。,
MAY_0590,data/raw/wav/MAY_0590.wav,お帰りおはよう。,ja,2.568,gentle,,2,4,True,日常问候语，语气亲切自然，时长适中，适合参考。,
MAY_0592,data/raw/wav/MAY_0592.wav,だからね、つい衝動買いしちゃったの。,ja,4.128,happy,embarrassed,3,5,True,句子完整，带有明显的分享与轻微开心情绪，口语化强，非常适合作为参考。,
MAY_0594,data/raw/wav/MAY_0594.wav,ねえねえクリスちゃんも見てみてよ感動しちゃうんだから。,ja,6.2,excited,happy,4,5,True,情绪饱满兴奋，句子完整且互动性强，时长理想，极适合作为参考。,
MAY_0596,data/raw/wav/MAY_0596.wav,憧れてるの水着に。,ja,3.32,other,,2,2,False,文本为残句，缺乏完整主谓结构，上下文依赖强，不适合作为独立参考。,
MAY_0597,data/raw/wav/MAY_0597.wav,でもねでもねルカちゃんはきっと大きなお友達からはハァハァ言われちゃうよ。,ja,8.392,teasing,,3,3,False,文本完整，语气带有明显的调侃意味，情绪明确。,时长略超建议上限，略微扣分。
MAY_0598,data/raw/wav/MAY_0598.wav,あのね貧乳は正義なのだからね胸なんてなくても自信持っていいんだよ。,ja,9.84,gentle,,3,2,False,时长明显超出建议区间，作为单句参考可能包含过多停顿或气息。,文本偏长，不适合直接截取。
MAY_0600,data/raw/wav/MAY_0600.wav,ねえねえ、オカリ、クリスちゃん、どうかな?ラボメンのみんなで海。,ja,7.24,excited,,4,4,True,语气活泼兴奋，邀请意图明确，时长适中。,
MAY_0601,data/raw/wav/MAY_0601.wav,そうだよ。オカリそういうこと言うのはね、マユシス好きじゃないな。,ja,8.344,serious,,3,3,False,表达轻微不满与认真态度，文本完整，但时长略长且依赖前文。,语境依赖稍强。
MAY_0602,data/raw/wav/MAY_0602.wav,そうだよルカちゃんは女の子なのにオカリひどいよ。,ja,6.584,sad,,3,5,True,时长完美，情绪明确（轻微委屈），句子独立完整，极适合作参考。,
MAY_0603,data/raw/wav/MAY_0603.wav,あああ。,ja,1.288,other,,2,1,False,文本仅为语气词，语义不完整且时长低于建议区间。,
MAY_0604,data/raw/wav/MAY_0604.wav,シュレディンガー。,ja,2.072,neutral,,1,2,False,仅为专有名词，缺乏完整语境与明确情绪指向。,
MAY_0605,data/raw/wav/MAY_0605.wav,そうだよ邪魔するのはね良くないと思うな。,ja,6.176,serious,,2,4,True,句子完整，时长适中，语气偏向认真劝导，适合作为参考。,
MAY_0607,data/raw/wav/MAY_0607.wav,すずさんはね、とってもいい人だから、ルカちゃんもすぐに仲良くなれるよ。,ja,7.736,gentle,,3,5,True,语义完整，时长合适，语气温和友善，非常适合作为参考音频。,
MAY_0608,data/raw/wav/MAY_0608.wav,あれれダルくんがいるよ。,ja,3.544,happy,,2,4,True,句子完整，时长适中，带有轻微的惊喜与轻松语气，适合参考。,
MAY_0609,data/raw/wav/MAY_0609.wav,フェリスちゃんは来られないって言ってたけど。,ja,4.432,neutral,worried,2,4,True,文本完整，语气自然，时长适中，适合作为日常对话参考。,
MAY_0610,data/raw/wav/MAY_0610.wav,ドッドッドドドン、ドン、ドッドドドン。,ja,4.384,other,,3,2,False,纯拟声词缺乏实际语义，不适合作为常规语音推理参考。,
MAY_0612,data/raw/wav/MAY_0612.wav,おかりい鈴さんには会えた。,ja,3.448,gentle,happy,2,4,True,陈述句结构完整，语义清晰，时长符合标准区间。,
MAY_0613,data/raw/wav/MAY_0613.wav,そっか。,ja,1.544,neutral,,1,2,False,时长明显偏短，音素覆盖不足，且高度依赖上下文语境。,
MAY_0614,data/raw/wav/MAY_0614.wav,誰に何て送るの?,ja,2.888,neutral,teasing,2,4,True,疑问句结构完整，语调明确，时长合适，适合单句参考。,
MAY_0615,data/raw/wav/MAY_0615.wav,おかり見つけた。,ja,4.046,happy,excited,3,5,True,文本简短完整，时长适中，表达发现目标的明确喜悦情绪。,
MAY_0616,data/raw/wav/MAY_0616.wav,ここはね、七千万年前の地球だよ。,ja,6.435,gentle,,2,5,True,句子独立完整，时长在理想区间，语气温和带有解说感。,
MAY_0617,data/raw/wav/MAY_0617.wav,オカリナは陰謀に巻き込まれてタイムマシンでここに送られちゃったんだ。,ja,9.054,serious,worried,3,3,False,文本完整但时长略超8秒上限，情绪偏向严肃叙述背景。,
MAY_0619,data/raw/wav/MAY_0619.wav,ここにいるオカリナもたくさんいるオカリナのうちの一人って言えるし、オリジナルでもあるって言えるの。,ja,11.008,neutral,,2,3,False,句子完整但时长明显偏长，逻辑结构较复杂，情绪平稳。,长句参考需控制语速
MAY_0620,data/raw/wav/MAY_0620.wav,ここにいるマユシーもたくさんいるマユシーのうちの一人って言えるし、オリジナルでもあるって言えるの。,ja,11.059,neutral,,2,3,False,与上一条句式相同，时长偏长，情绪平稳，适合长句参考。,长句参考需控制语速
MAY_0621,data/raw/wav/MAY_0621.wav,でね、オカリナもマユシイもここで死んじゃうと思う。,ja,8.337,sad,worried,3,3,False,文本完整，情绪偏向悲伤与担忧，时长略超建议上限但仍具参考价值。,
MAY_0622,data/raw/wav/MAY_0622.wav,でも。,ja,1.836,neutral,,1,1,False,文本过短且为转折残句，严重依赖上下文，不适合独立参考。,
MAY_0624,data/raw/wav/MAY_0624.wav,だから大丈夫だよ。,ja,3.712,gentle,,2,4,True,句式完整独立，安抚语气明确，时长处于理想区间。,
MAY_0625,data/raw/wav/MAY_0625.wav,まゆしもウーパーとお友達になりたいな。,ja,7.648,happy,gentle,3,5,True,表达明确期待与喜悦，句子完整，时长完美契合要求。,
MAY_0626,data/raw/wav/MAY_0626.wav,トトロまゆしいです。,ja,3.648,happy,teasing,2,4,True,自我介绍完整，语气轻松活泼，时长适中。,
MAY_0627,data/raw/wav/MAY_0627.wav,ああフェリスちゃんおはようにゃ。,ja,3.808,happy,,2,5,True,文本完整，为日常问候语，情绪明确且时长合适。,带有角色口癖，发音清晰，适合参考。
MAY_0628,data/raw/wav/MAY_0628.wav,京馬?ああ、オカリナことでしょう?うん、いるけど変わる?,ja,9.616,neutral,,2,2,False,时长超标，且包含多个短句与连续疑问，上下文依赖较强。,信息较碎，不适合单句独立参考。
MAY_0629,data/raw/wav/MAY_0629.wav,あれれなんかね出られないみたいだよ。,ja,5.472,worried,,3,4,True,句子完整，表达轻微困惑与担忧，时长适中。,语气自然连贯，情绪指向明确。
MAY_0630,data/raw/wav/MAY_0630.wav,うん。うん。,ja,3.424,neutral,,1,2,False,仅为附和词，语义不完整，缺乏独立参考情绪价值。,适合作为对话填充，不适合作为主参考。
MAY_0631,data/raw/wav/MAY_0631.wav,わかった。伝えとくね。バイバイ。,ja,5.032,gentle,,2,5,True,文本完整，为标准的结束对话用语，情绪平稳明确，时长合适。,结构清晰，适合做日常交互参考。
MAY_0632,data/raw/wav/MAY_0632.wav,あのね四天王が秋葉に集結したから気をつけろって。,ja,6.776,serious,worried,3,4,True,文本完整，带有明确警告与提醒意味，时长处于理想区间。,适合严肃/警告语气参考
MAY_0634,data/raw/wav/MAY_0634.wav,わあすごいよダルくん。,ja,3.616,excited,happy,4,5,True,感叹语气明确，情绪饱满且独立成句，时长非常适合参考。,适合兴奋/赞叹语气参考
MAY_0635,data/raw/wav/MAY_0635.wav,L H C ってあの二十キロ以上ある大きなトンネルでしょ?結局何をするトンネルなんだっけ?,ja,11.752,neutral,,2,2,False,时长明显超出建议区间，句子较长且包含连续提问，不适合作单句参考。,需拆分或降权处理
MAY_0636,data/raw/wav/MAY_0636.wav,あそうそうミニブラックホールを作れるんだよね。,ja,5.464,neutral,gentle,2,4,True,文本完整，为日常确认与恍然大悟语气，时长合适。,适合自然对话参考
MAY_0637,data/raw/wav/MAY_0637.wav,へえー。,ja,1.416,neutral,,1,1,False,时长过短且为单字感叹词，缺乏完整语义与明确情绪，不适合参考。,仅作语气词处理
MAY_0638,data/raw/wav/MAY_0638.wav,ハドロン。,ja,1.392,neutral,,1,1,False,文本为单一词汇且时长过短，缺乏完整语境与明确情绪。,时长仅1.39秒，低于建议下限。
MAY_0639,data/raw/wav/MAY_0639.wav,どういうこと。,ja,1.792,worried,,2,2,False,句子较短且为常见疑问短语，情绪偏向疑惑但缺乏具体语境支撑。,时长1.79秒略低于建议下限。
MAY_0640,data/raw/wav/MAY_0640.wav,あのねさっきのオカリやクリスちゃんの話を思い出してたの。,ja,6.808,gentle,neutral,2,5,True,句子完整自然，时长处于理想区间，语气平和适合单句参考。,
MAY_0641,data/raw/wav/MAY_0641.wav,思い出してね。なんとか頑張って理解しようと思ったんだけどダメだったよ。ひひ。,ja,9.336,gentle,happy,3,3,False,文本完整且带有轻笑，情绪生动，但时长略超建议上限。,包含语气词，适合表现轻松自嘲。
MAY_0642,data/raw/wav/MAY_0642.wav,ただねなんとなくわかるのはすごいことになってるみたいっていうことかな。,ja,8.224,neutral,gentle,2,3,False,句子完整但偏口语化，时长略超建议区间，情绪较平淡。,口语化较强，适合自然对话参考。
MAY_0643,data/raw/wav/MAY_0643.wav,眩しいなあ。,ja,2.056,gentle,,2,4,True,文本完整简短，时长符合标准，情绪温和明确。,感叹句，适合作为柔和语气的参考。
MAY_0644,data/raw/wav/MAY_0644.wav,おかりんもクリスチャンもキラキラ輝いてて。,ja,4.56,happy,gentle,3,4,True,句子完整，时长适中，带有明显的欣赏与愉悦情绪。,适合表现角色对同伴的赞美。
MAY_0645,data/raw/wav/MAY_0645.wav,あのねクリスちゃんが入ってきてからそろそろ十日ぐらいでしょその間マヨシーが感じたこと言っていい。,ja,11.496,serious,,2,2,False,时长明显超标，且为对话铺垫句，上下文依赖较强。,信息量大且偏口语化，不适合作为单句参考。
MAY_0646,data/raw/wav/MAY_0646.wav,クリスチャンがラボ面になってね。なんだかラボの空気がビシッと引き締まった感じがするんだ。,ja,8.592,serious,,3,3,False,文本完整，情绪偏向认真严肃，时长略超建议区间但可接受。,适合严肃沉稳语气的参考。
MAY_0647,data/raw/wav/MAY_0647.wav,だからね、眩しいの。,ja,3.288,gentle,happy,3,5,True,时长完美，句式完整独立，情感表达清晰且富有感染力。,极佳的单句参考素材。
MAY_0648,data/raw/wav/MAY_0648.wav,クリスチャンはラボとオカリにとってすっごく役に立ってるでしょ。,ja,6.744,gentle,,2,4,True,句子完整，时长在建议区间内，语气肯定且自然，适合作为单句参考。,
MAY_0649,data/raw/wav/MAY_0649.wav,でもね、マユシはあんまりオカリの役に立ててないのです。,ja,6.768,sad,gentle,2,4,True,文本完整，时长合适，带有轻微自责与低落情绪，表达清晰。,
MAY_0650,data/raw/wav/MAY_0650.wav,まゆしいももっと頭が良かったらな。そしたらおかりんの役に立てたのにね。,ja,9.76,sad,,3,2,False,时长超出建议上限，语气偏感慨与遗憾，作为单句参考稍显冗长。,
MAY_0651,data/raw/wav/MAY_0651.wav,このラボを作ったばっかりの頃、ダルくんもいない頃にね、よくこうして二人で静かに過ごしてたよね。,ja,11.288,gentle,,2,1,False,时长过长，偏向回忆性旁白，上下文依赖强，不适合单句参考。,
MAY_0652,data/raw/wav/MAY_0652.wav,マユシーはこれからもここにいてもいいのかな。,ja,6.168,worried,,2,4,True,句子完整，时长适中，带有轻微不安与询问语气，情绪明确。,
MAY_0654,data/raw/wav/MAY_0654.wav,うんと褒められてるのかな。,ja,5.064,gentle,happy,2,4,True,文本完整，带有轻微的喜悦与疑惑，时长适中，适合作为参考。,
MAY_0655,data/raw/wav/MAY_0655.wav,そっかー ありがとうほかり。,ja,3.568,happy,gentle,3,4,True,表达感谢与回应，情绪明确积极，时长合适。,
MAY_0656,data/raw/wav/MAY_0656.wav,お腹空いちゃった。おでんかあっためよっと。おか凛も食べる?,ja,6.752,happy,neutral,3,4,True,日常对话自然流畅，情绪轻松愉快，时长在理想区间。,包含多个短句，但语意连贯
MAY_0657,data/raw/wav/MAY_0657.wav,じゃあちょっと待っててね。,ja,2.645,gentle,,2,4,True,常用日常短句，语气自然温和，时长合适。,
MAY_0658,data/raw/wav/MAY_0658.wav,うんわかった気をつけるね。,ja,3.819,serious,gentle,2,4,True,回应明确，态度认真，文本完整且时长适宜。,
MAY_0659,data/raw/wav/MAY_0659.wav,でねオカリ、タイムリープとタイムトラベルってどう違うの?,ja,7.232,neutral,,2,4,True,疑问句结构完整，时长在理想区间内，情绪平稳清晰。,
MAY_0660,data/raw/wav/MAY_0660.wav,うーん、そっか。,ja,3.125,neutral,,1,2,False,文本过短且为附和性残句，缺乏独立语义与足够音素覆盖。,
MAY_0661,data/raw/wav/MAY_0661.wav,あのね、じゃあ、D メールとタイムリープだと、できることってどう違うのかな?,ja,8.192,neutral,,2,3,False,疑问句完整，时长略超上限但仍在可用范围，适合单句参考。,
MAY_0663,data/raw/wav/MAY_0663.wav,うんじゃあマヨシーの意識は一週間前のマヨシーの中に入っちゃうってこと?,ja,8.171,serious,,2,3,False,确认性疑问句语义完整，时长适中，情绪偏向认真探讨。,
MAY_0664,data/raw/wav/MAY_0664.wav,物は持っていけないけど記憶は持っていけるんだね。そっか。,ja,7.296,neutral,gentle,2,5,True,陈述与感叹结合，语义完整独立，时长理想，非常适合作参考。,
MAY_0665,data/raw/wav/MAY_0665.wav,でもでもそしたら一週間前のマユシの中にあったマユシの記憶はどこにいっちゃうのかな。,ja,11.339,worried,,2,2,False,时长超出建议区间，文本较长且为复杂疑问句，情绪偏向思考与担忧。,
MAY_0666,data/raw/wav/MAY_0666.wav,消えちゃうってこと。,ja,2.027,sad,,2,4,True,时长合适，语义完整独立，情绪明确（轻微失落），适合作为参考。,
MAY_0667,data/raw/wav/MAY_0667.wav,じゃあね、じゃあね。一週間前のマユシーンに記憶を飛ばしたら、今のマユシーンの体はどうなっちゃうんだろう。,ja,10.997,worried,,2,2,False,时长明显过长，包含假设性长句，不适合作为单句参考。,
MAY_0670,data/raw/wav/MAY_0670.wav,じゃあねじゃあね。,ja,2.283,happy,,2,4,True,时长合适，为完整告别用语，情绪轻松自然，适合参考。,
MAY_0672,data/raw/wav/MAY_0672.wav,今はマユシイはこうしてオカリんとお話してるけど。,ja,5.451,neutral,,1,2,False,句末含转折词“けど”，语义依赖上下文，信息不完整。,
MAY_0673,data/raw/wav/MAY_0673.wav,ふうん、それを香りは気づかないんだよね。,ja,5.493,neutral,gentle,2,4,True,文本完整，语气平静带轻微感慨，时长适中，适合作为参考。,
MAY_0674,data/raw/wav/MAY_0674.wav,だとしたらね、なんだか寂しいね。,ja,4.213,sad,gentle,3,5,True,情感明确（伤感），句式完整独立，时长理想，非常适合作参考。,
MAY_0675,data/raw/wav/MAY_0675.wav,ううん、まゆしいが。,ja,2.432,neutral,,1,2,False,明显为对话残句，语义不完整，高度依赖上下文，不适合独立参考。,
MAY_0676,data/raw/wav/MAY_0676.wav,だからクリスチャンは過去を変えたくないって言ってたのかも。,ja,5.749,serious,neutral,3,4,True,逻辑陈述完整，语气认真客观，时长符合标准。,
MAY_0677,data/raw/wav/MAY_0677.wav,あねえねえねえタイムリープは未来には飛べないのかな。,ja,6.475,excited,worried,2,4,True,疑问句式完整，带有急切好奇语气，时长合适。,
MAY_0678,data/raw/wav/MAY_0678.wav,わかんないよ。,ja,2.859,neutral,worried,2,4,True,文本简短完整，时长在理想区间内，情绪偏向日常中性，适合作为参考。,
MAY_0679,data/raw/wav/MAY_0679.wav,そっかー。じゃあまゆしぃが小学生の頃へも飛べないんだね。その頃は携帯持ってないもん。,ja,11.957,gentle,sad,2,2,False,时长明显超出建议区间，句子较长且包含多段信息，不适合作为单句参考。,
MAY_0680,data/raw/wav/MAY_0680.wav,うん、それにね、おばあちゃんにも会えるかもって思ったんだ。,ja,6.293,gentle,happy,3,4,True,时长适中，语义完整，带有温和的期待感，情绪明确适合参考。,
MAY_0681,data/raw/wav/MAY_0681.wav,うん残念は残念だけどねどうしても会いたかったわけじゃないよ。,ja,7.616,neutral,sad,2,4,True,时长在合理范围内，表达完整，情绪为轻微的遗憾与释然，适合作为参考。,
MAY_0683,data/raw/wav/MAY_0683.wav,だからね、わざわざ会わなくても平気なの。,ja,4.587,gentle,,2,5,True,时长理想，句子独立完整，语气温和坚定，非常适合作为单句参考。,
MAY_0684,data/raw/wav/MAY_0684.wav,それよりもね、その頃のあかりにもう一度会ってみたいなって思って、えへへ。,ja,8.736,gentle,,2,3,False,文本完整，带有怀念与轻笑语气，时长略超8秒故适当降分。,
MAY_0685,data/raw/wav/MAY_0685.wav,会いたいのはホウインなんとかじゃなくてオカリナだよ。,ja,7.477,serious,,3,4,True,句子完整独立，语气明确肯定，时长适中，适合作为参考。,
MAY_0686,data/raw/wav/MAY_0686.wav,えーそんなことないよマヨシもちゃんと成長してるもん。,ja,6.229,gentle,,3,4,True,语气肯定且带有安抚意味，句子完整，时长合适，适合参考。,
MAY_0687,data/raw/wav/MAY_0687.wav,そんなことないのです。まゆしいはちゃんと大人の階段を上ろうとしているのです。,ja,7.659,serious,,3,4,True,句式完整正式，语气认真坚定，时长在理想区间内，适合参考。,
MAY_0688,data/raw/wav/MAY_0688.wav,それよりもねえ、オカリナの方が当時から止まったままだと思うなあ。,ja,7.595,neutral,,2,4,True,表达完整，带有客观评价与轻微感慨，时长合适，适合作为参考。,
MAY_0689,data/raw/wav/MAY_0689.wav,バイトルモアヌのこと。,ja,3.499,neutral,,1,2,False,文本为话题引入的残句，缺乏完整语境与明确情绪。,
MAY_0690,data/raw/wav/MAY_0690.wav,あのねコミマ前だからお休みもらってるんだよ。,ja,5.461,gentle,,2,4,True,完整日常陈述句，语气自然亲切，时长适中。,
MAY_0691,data/raw/wav/MAY_0691.wav,頑張ってコスを作らなくちゃ。,ja,3.477,serious,,3,4,True,表达明确决心，语义完整独立，适合单句参考。,
MAY_0692,data/raw/wav/MAY_0692.wav,三着。えっとね、楓ちゃんと吹雪ちゃんの分、でもってルカちゃんの分。,ja,9.472,neutral,,2,2,False,时长超出建议区间，且为列举说明，依赖上下文。,
MAY_0693,data/raw/wav/MAY_0693.wav,あ、萌子さんだ。,ja,2.805,happy,,2,3,True,完整招呼句，带有轻微惊喜感，时长合适。,
MAY_0694,data/raw/wav/MAY_0694.wav,トゥトゥルー モエカさんここで何してるの?,ja,4.619,happy,,2,5,True,文本完整，时长适中，标志性问候语气轻快，情绪明确。,
MAY_0695,data/raw/wav/MAY_0695.wav,すごいんだよ。あのね、今度はね、タイムリープができるようになるかもしれないんだって。,ja,9.451,excited,,4,3,False,情绪兴奋明确，但时长偏长且含口语填充词，略降参考分。,
MAY_0696,data/raw/wav/MAY_0696.wav,オカリオカリーンその説明はねすごく回りくどくてマユシにはさっぱりなのです。,ja,10.005,teasing,,2,2,False,时长超标，依赖特定角色称呼，句子偏长且口语化，不适合独立参考。,
MAY_0698,data/raw/wav/MAY_0698.wav,萌子さん大丈夫調子悪いの?,ja,4.939,worried,,3,5,True,时长合适，关切情绪明确，句子完整独立，非常适合作参考。,
MAY_0699,data/raw/wav/MAY_0699.wav,おかりんは誰と戦ってるの?,ja,4.011,worried,,3,4,True,时长适中，疑问语气清晰，情绪明确，适合作为单句参考。,
MAY_0700,data/raw/wav/MAY_0700.wav,へえすごいね。でもね、危ないことはしちゃダメだからね。,ja,7.52,gentle,serious,2,4,True,文本完整，语气温和带有叮嘱感，时长在理想区间内。,适合提取日常关切语气
MAY_0701,data/raw/wav/MAY_0701.wav,萌香さんどうしたのかな。,ja,4.107,worried,neutral,2,4,True,表达关切与疑问，语义完整独立，时长适中。,语气自然，适合参考
MAY_0702,data/raw/wav/MAY_0702.wav,わあおかりまでおかしくなっちゃった。,ja,4.192,worried,other,2,3,True,带有惊讶与轻微担忧，句子完整，但存在转写疑点。,日常感叹语气
MAY_0703,data/raw/wav/MAY_0703.wav,まゆしは心配です。,ja,2.656,worried,,3,4,True,直接陈述担忧情绪，语义明确，时长合适。,情绪指向非常清晰
MAY_0704,data/raw/wav/MAY_0704.wav,はあああ。,ja,1.963,sad,neutral,2,2,False,仅为叹气声，时长略低于建议下限且缺乏完整语义。,高度依赖上下文，不适合单句参考
MAY_0705,data/raw/wav/MAY_0705.wav,うん大丈夫だよ。あのねまゆしいは今日はここにお泊りするのです。,ja,9.344,gentle,neutral,2,3,False,文本完整且语气安抚明确，但时长略超建议区间，故适当降分。,
MAY_0706,data/raw/wav/MAY_0706.wav,うんお父さんとお母さんにもねそう言ってあるよ。,ja,5.579,gentle,,2,4,True,时长适中，语义完整独立，语气自然平和，适合作为参考。,
MAY_0707,data/raw/wav/MAY_0707.wav,そうでもしないとゴミ間に間に合わないんだへへ。,ja,6.144,teasing,happy,3,4,True,带有明显语气词，情绪轻松俏皮，时长在理想范围内。,
MAY_0708,data/raw/wav/MAY_0708.wav,あのねクリスちゃんも一緒だからって説明したらお父さんもお母さんもそれなら安心って言ってくれたんだよ。,ja,10.837,gentle,neutral,2,2,False,句子过长且信息密集，严重超出建议时长，不适合作为单句参考。,
MAY_0709,data/raw/wav/MAY_0709.wav,うん、だってね、電話レンジちゃんの改良で大変なんでしょ?,ja,6.965,gentle,worried,2,4,True,疑问句式完整，语气关切自然，时长在理想范围内。,
MAY_0710,data/raw/wav/MAY_0710.wav,ああマユシ知ってるよきっとあれじゃないかなほら。,ja,6.251,gentle,,2,4,True,文本完整，语气自然亲切，时长合适，适合作为日常对话参考。,
MAY_0712,data/raw/wav/MAY_0712.wav,本当よかった。,ja,3.541,happy,,3,5,True,情感明确（欣慰/高兴），句子完整独立，时长完美，极适合作为参考。,
MAY_0713,data/raw/wav/MAY_0713.wav,オカリナね、まゆしいと同じで、池袋だよ。,ja,4.992,neutral,,2,4,True,陈述句结构完整，语气平稳，时长适中，适合中性语气参考。,
MAY_0714,data/raw/wav/MAY_0714.wav,おかりんも未成年なのにねえ。,ja,4.085,gentle,worried,2,4,True,语气带有轻微感叹与关切，句子完整，时长合适，适合作为柔和语气参考。,
MAY_0715,data/raw/wav/MAY_0715.wav,クリスチャンクリスチャン、オカリナね、マユシたちのこと襲うような悪い人じゃないと思うよ。,ja,9.28,serious,gentle,3,3,False,句子较长（超8秒），虽内容完整但作为单句参考音频略显冗长，建议降权。,
MAY_0716,data/raw/wav/MAY_0716.wav,だってね、まゆしいはもう十年以上の付き合いだけど、一度も襲われたことないもん。,ja,8.117,gentle,,2,3,False,文本完整，语气自然带亲昵与解释感，时长略超8秒但影响不大。,语速偏缓，适合日常对话参考。
MAY_0717,data/raw/wav/MAY_0717.wav,うんっていうかね今も人質だよ。,ja,5.035,neutral,,2,4,True,句子完整独立，语气平淡陈述，时长适中。,适合中性/日常语气参考。
MAY_0718,data/raw/wav/MAY_0718.wav,やあ、お帰り。覗きは良くないよ。,ja,5.248,teasing,,3,5,True,情绪明确带调侃意味，句子完整独立，时长完美。,适合轻快/调侃语气参考。
MAY_0719,data/raw/wav/MAY_0719.wav,そういうことされるとね、マユシエは悲しいし恥ずかしいです。,ja,7.083,embarrassed,sad,4,5,True,明确表达害羞与悲伤，文本完整，时长合适。,情绪指向清晰，适合情感类参考。
MAY_0720,data/raw/wav/MAY_0720.wav,おかり死んじゃ嫌だよ。,ja,3.04,worried,,4,4,True,情感强烈且明确，句子完整，时长在合理区间。,含昵称口误但不影响情绪表达。
MAY_0721,data/raw/wav/MAY_0721.wav,オカリ今揺れたけど下は大丈夫だった?,ja,6.389,worried,,3,4,True,文本完整，表达关心与担忧，时长适中，适合作为参考。,
MAY_0722,data/raw/wav/MAY_0722.wav,それはねえいいことだと思うな食べ物を粗末にしちゃだめだよ。,ja,7.339,gentle,serious,2,4,True,句子完整，语气温和带劝导意味，时长合适，适合参考。,
MAY_0723,data/raw/wav/MAY_0723.wav,ええと。,ja,2.101,neutral,,1,2,False,仅为语气词，缺乏完整语义与明确情绪，不适合作为参考。,
MAY_0724,data/raw/wav/MAY_0724.wav,つまりね、スーパー電話レンジちゃんを完成させるためにはどうすればいいの?,ja,8.48,serious,,3,3,False,文本完整且语义清晰，但时长略超建议上限，仍可作为参考。,
MAY_0725,data/raw/wav/MAY_0725.wav,"オカリ,オカリ,ちょっと来て。",ja,3.36,neutral,,2,4,True,句子简短完整，意图明确，时长适中，适合作为日常对话参考。,
MAY_0726,data/raw/wav/MAY_0726.wav,これをね持っててくれないかなこうしてビローンって広げて。,ja,7.541,gentle,teasing,2,4,True,句子完整，时长合适，语气自然温和，适合作为日常对话参考。,
MAY_0727,data/raw/wav/MAY_0727.wav,ビローン。,ja,1.131,other,,2,2,False,仅为拟声词，时长过短且缺乏完整语义，不适合作为独立参考。,
MAY_0728,data/raw/wav/MAY_0728.wav,うん。,ja,1.387,neutral,,1,2,False,单字应答，时长不足，信息量过低，不适合独立参考。,
MAY_0729,data/raw/wav/MAY_0729.wav,うん、ありがとう。,ja,2.464,gentle,,2,4,True,表达完整，语气礼貌温和，时长适中，适合日常感谢场景参考。,
MAY_0730,data/raw/wav/MAY_0730.wav,できたー!,ja,2.069,happy,excited,4,5,True,情绪明确积极，句子完整独立，时长完美，非常适合作为参考。,
MAY_0731,data/raw/wav/MAY_0731.wav,うんクリスちゃんより先にできたよ競争してたんだ。,ja,6.592,happy,excited,3,4,True,句子完整，表达完成比赛的开心情绪，时长合适。,
MAY_0732,data/raw/wav/MAY_0732.wav,引き分けだね。,ja,2.197,neutral,,2,4,True,短句完整，陈述比赛结果，语气平稳，适合作为中性参考。,
MAY_0733,data/raw/wav/MAY_0733.wav,帽子付き電話レンジちゃん。,ja,2.443,gentle,,2,3,True,带昵称的名词短语，语气偏可爱温和，但语义较独立。,
MAY_0734,data/raw/wav/MAY_0734.wav,うんと。,ja,2.368,neutral,,1,2,False,仅为语气词/附和，缺乏完整语义，不适合作为独立参考。,
MAY_0735,data/raw/wav/MAY_0735.wav,タイムリープマシンがいいと思います。,ja,3.243,serious,,3,5,True,完整陈述句，表达明确建议，语气认真，时长理想。,
MAY_0736,data/raw/wav/MAY_0736.wav,帽子付き電話レンジちゃんとね、すごく迷ったけど。,ja,5.675,neutral,,2,4,True,句子完整，时长在理想区间内，情绪平稳自然。,
MAY_0737,data/raw/wav/MAY_0737.wav,えへへ。,ja,1.131,happy,,2,2,False,时长不足2秒且仅为拟声词，缺乏完整语义。,
MAY_0738,data/raw/wav/MAY_0738.wav,マユシもわかないよ。,ja,3.051,neutral,,2,4,True,语义完整清晰，时长适中，适合作为单句参考。,
MAY_0739,data/raw/wav/MAY_0739.wav,ああそうだったねへへへ。,ja,3.232,happy,,3,4,True,包含明确的情绪表达与完整语义，时长合适。,
MAY_0741,data/raw/wav/MAY_0741.wav,うわー。,ja,1.493,excited,,3,2,False,仅为感叹词，时长过短且高度依赖上下文。,
MAY_0742,data/raw/wav/MAY_0742.wav,おお。,ja,1.6,neutral,,1,1,False,文本仅为单字感叹词，语义不完整且时长不足2秒。,
MAY_0743,data/raw/wav/MAY_0743.wav,結局どっち。,ja,3.093,serious,,2,4,True,疑问句结构完整，语气明确，时长适中。,
MAY_0744,data/raw/wav/MAY_0744.wav,ねえねえ。,ja,1.483,happy,,2,2,False,重复呼唤词缺乏完整语义，时长偏短。,
MAY_0745,data/raw/wav/MAY_0745.wav,まゆしいはね、難しいことはよくわかんないけど。,ja,5.387,gentle,,2,5,True,口语化表达自然完整，语气柔和，时长处于理想区间。,
MAY_0746,data/raw/wav/MAY_0746.wav,例えばね、マユシーの買ってきたバナナをタイムリープさせるのはどうかな。,ja,7.936,teasing,,3,4,True,提议句式完整，带有轻松调侃意味，时长接近上限但可接受。,
MAY_0747,data/raw/wav/MAY_0747.wav,ああそっかそれじゃあダメだね。,ja,4.725,neutral,worried,2,4,True,文本完整独立，语气自然带轻微遗憾，时长适中，适合作为日常对话参考。,
MAY_0748,data/raw/wav/MAY_0748.wav,トゥトゥルー ただいま。,ja,3.2,happy,excited,3,5,True,情绪明快活泼，带有拟声词，文本完整且时长理想，非常适合参考。,
MAY_0749,data/raw/wav/MAY_0749.wav,お帰りお帰り。,ja,2.197,gentle,happy,2,4,True,文本简短完整，情绪温和欢迎，时长略短但仍在可用范围内。,
MAY_0750,data/raw/wav/MAY_0750.wav,フェリスちゃんやルカちゃんにもね声をかけたんだけど今日は無理って言われちゃった。,ja,9.024,neutral,sad,2,2,False,句子较长且时长超出建议区间，信息量偏大，不适合作为单句短参考。,
MAY_0751,data/raw/wav/MAY_0751.wav,フェリスちゃんは今日はライネットの大会。,ja,4.277,neutral,,1,2,False,文本像上下文衔接的半句，缺乏独立完整语义，依赖前文语境。,
MAY_0752,data/raw/wav/MAY_0752.wav,あとねルカちゃんはなんだか恥ずかしそうにしてたよ。,ja,5.904,gentle,neutral,2,4,True,句子完整，时长适中，语气自然日常，适合作为参考。,
MAY_0753,data/raw/wav/MAY_0753.wav,恥ずかしいんだって可愛いは正義なのに。,ja,5.176,teasing,happy,3,4,True,带有轻松调侃意味，语义完整，时长符合标准。,
MAY_0754,data/raw/wav/MAY_0754.wav,クリスチャンもね可愛いよね。,ja,4.024,happy,,2,4,True,简短肯定句，情绪积极明确，时长标准。,
MAY_0755,data/raw/wav/MAY_0755.wav,ねえねえ、今度のコミマに出てみない?,ja,4.464,excited,happy,3,5,True,邀请句式完整，情绪积极明确，时长完美，非常适合作为参考。,
MAY_0757,data/raw/wav/MAY_0757.wav,着るだけでいいよ。でもね、そのうちみんなに見てもらいたくなるよ。コスプレにはそうさせる魔物さんが住んでるんだ。,ja,11.28,gentle,teasing,3,2,False,时长明显超出建议区间，包含多句复合语义，不适合作为单句参考。,建议拆分后使用
MAY_0758,data/raw/wav/MAY_0758.wav,そういえばクリスちゃんっていつも可愛い制服着てるよね。でもこんな制服都内にあったっけ?,ja,11.552,neutral,,2,2,False,时长超过8秒，信息密度偏低，不适合作为单句参考。,
MAY_0760,data/raw/wav/MAY_0760.wav,明日コス持ってくるね。そしたら試着してくれる?,ja,5.504,gentle,,3,4,True,时长适中，语义完整，语气自然友好，适合参考。,
MAY_0761,data/raw/wav/MAY_0761.wav,大丈夫だよ。,ja,1.824,gentle,,2,2,False,时长不足2秒，语音特征提取不充分。,
MAY_0762,data/raw/wav/MAY_0762.wav,クリスちゃんは知らないかもだけどね。去年ぐらいにこんな言葉が流行ったんだよ。,ja,7.192,neutral,,2,4,True,时长在推荐区间内，陈述语气平稳完整，适合作为参考。,
MAY_0763,data/raw/wav/MAY_0763.wav,パンツじゃないから恥ずかしくないもんって。,ja,3.632,teasing,,3,4,True,时长合适，带有明显的调侃语气，情绪特征清晰。,
MAY_0764,data/raw/wav/MAY_0764.wav,絶対来てね。絶対だよ。,ja,3.12,gentle,serious,3,4,True,文本完整独立，语气恳切，时长在理想区间内。,
MAY_0765,data/raw/wav/MAY_0765.wav,お帰り。,ja,1.424,gentle,,2,2,False,时长不足2秒，信息量较少，不适合作为独立参考。,
MAY_0766,data/raw/wav/MAY_0766.wav,二人を止めて。,ja,1.952,worried,serious,3,2,False,时长略低于建议下限，且情境依赖较强。,
MAY_0767,data/raw/wav/MAY_0767.wav,もう。,ja,1.928,teasing,embarrassed,2,1,False,文本为语气词，缺乏完整语义，高度依赖上下文。,
MAY_0768,data/raw/wav/MAY_0768.wav,二人とも聞いて。マユシーはね、喧嘩は嫌いなのです。仲良くしようよ。,ja,9.728,gentle,serious,3,3,False,语义完整且情绪明确，但时长超出建议上限，需适当裁剪。,
MAY_0769,data/raw/wav/MAY_0769.wav,ねえねえ、オカリ。,ja,2.432,teasing,,2,4,True,文本完整，为日常呼唤，语气轻松自然，时长合适。,适合做日常打招呼参考。
MAY_0770,data/raw/wav/MAY_0770.wav,なんだかね、ここ何週間かですごく賑やかになったね。,ja,6.888,happy,gentle,3,5,True,句子完整独立，表达愉悦感慨，时长极佳，非常适合作为参考。,语速适中，情绪稳定。
MAY_0771,data/raw/wav/MAY_0771.wav,楽しいね。,ja,1.76,happy,,3,3,False,情绪明确但时长偏短，略低于建议区间下限。,适合短促情绪参考。
MAY_0772,data/raw/wav/MAY_0772.wav,あのね、ダボメンが八人に増えたでしょ?ちょっと狭くなってきたなってマユシは思うんだ。,ja,10.248,worried,neutral,2,2,False,句子偏长超出建议时长，且含口语引导词，单句参考适配度较低。,需拆分或降权。
MAY_0773,data/raw/wav/MAY_0773.wav,まずね、椅子が足りないのです。,ja,3.416,serious,,3,4,True,陈述明确，时长合适，语气认真，适合作为说明类参考。,适合说明类语气参考。
MAY_0774,data/raw/wav/MAY_0774.wav,買ってこなくちゃだよ。オカリナお金ある?,ja,4.92,neutral,gentle,2,4,True,文本完整独立，时长适中，日常对话语气明确。,偏日常交流，情绪平稳自然。
MAY_0775,data/raw/wav/MAY_0775.wav,んじゃあマユシのバイト代もちょっと出していいよ。,ja,5.438,gentle,neutral,2,4,True,句子完整，时长合适，语气自然温和。,适合日常温和语气参考。
MAY_0776,data/raw/wav/MAY_0776.wav,あとはね、電子レンジ新しいの買わないとジューシー唐揚げナンバーワンが温められないよ。,ja,11.104,neutral,,2,2,False,文本完整但时长明显超出建议区间，不适合作为短参考音频。,句子较长，包含多个意群，可能影响单句推理效果。
MAY_0777,data/raw/wav/MAY_0777.wav,イスト電子レンジの代金とちょっぴり上がっちゃったお家賃を払えるくらいはもらえるかな。,ja,10.184,neutral,worried,2,2,False,时长过长，超出推荐范围，降低参考适配度。,句子结构较长，语速可能较慢。
MAY_0778,data/raw/wav/MAY_0778.wav,そうなんだ。よかったね、おかり。,ja,3.904,happy,gentle,3,5,True,时长完美，情绪明确（欣慰/高兴），独立成句，极适合作参考。,语气自然，情感表达清晰。
MAY_0779,data/raw/wav/MAY_0779.wav,だってお友達たくさんできたもん。,ja,4.272,happy,gentle,3,4,True,文本完整，语气带有开心与自豪，时长合适。,
MAY_0781,data/raw/wav/MAY_0781.wav,春の頃はおカリはとっても寂しそうだったけど。,ja,5.496,sad,gentle,2,2,False,句末为转折接续词，语义依赖上下文，不适合作为独立参考。,
MAY_0782,data/raw/wav/MAY_0782.wav,もう大丈夫だね。,ja,2.298,gentle,,2,5,True,文本简短完整，安抚语气明确，时长适中，非常适合作参考。,
MAY_0783,data/raw/wav/MAY_0783.wav,まゆしが人質じゃなくても。,ja,3.936,serious,worried,2,2,False,句末为条件接续词，语义不完整，强依赖上下文。,
MAY_0784,data/raw/wav/MAY_0784.wav,本当だ家に電話しなくちゃ。,ja,4.056,worried,serious,3,4,True,表达突发意识与紧迫感，语义完整独立，时长合适。,
MAY_0785,data/raw/wav/MAY_0785.wav,萌香さん、これって。,ja,3.832,neutral,,2,2,False,句子未说完，带有明显停顿，高度依赖上下文。,时长合适但文本残缺。
MAY_0786,data/raw/wav/MAY_0786.wav,ね、ねえ、萌香さんはラブメン仲間だよね。,ja,8.512,gentle,worried,3,3,False,句子完整，带有轻微犹豫的确认语气，情绪明确。,时长略超8秒上限，但仍在可用范围。
MAY_0788,data/raw/wav/MAY_0788.wav,お帰り。,ja,1.029,gentle,,2,2,False,时长明显过短，仅为日常问候，缺乏情绪表现空间。,适合短提示音，不适合作为主参考。
MAY_0789,data/raw/wav/MAY_0789.wav,ぽっかり。,ja,2.325,other,,1,1,False,仅为拟态词，非完整语句，无法独立表达明确情绪。,文本信息量过低。
MAY_0791,data/raw/wav/MAY_0791.wav,もう大丈夫だね。,ja,3.077,gentle,,3,5,True,时长适中，句子完整，安抚语气明确，极适合作参考。,
MAY_0792,data/raw/wav/MAY_0792.wav,マユシが人質じゃなくても。,ja,4.075,serious,,2,2,False,句子为条件状语从句，语义不完整，高度依赖上下文。,时长合适但文本残缺，不适合作为独立参考。
MAY_0793,data/raw/wav/MAY_0793.wav,ああ。,ja,1.893,neutral,,1,1,False,仅为简短语气词，时长不足2秒，缺乏明确语义与情绪指向。,
MAY_0794,data/raw/wav/MAY_0794.wav,そっか。,ja,3.403,gentle,neutral,2,4,True,语义完整，表达理解或回应，情绪温和明确，时长适中。,适合作为日常对话参考。
MAY_0795,data/raw/wav/MAY_0795.wav,まゆしは人質なんだね。,ja,4.987,worried,serious,3,5,True,完整陈述句，情绪明确（担忧/确认），独立性强，时长理想。,适合作为陈述句参考。
MAY_0796,data/raw/wav/MAY_0796.wav,じゃあしょうがないね。,ja,4.923,gentle,neutral,2,5,True,完整表达接受与无奈，情绪自然明确，适合作为单句参考。,语气自然，适合日常参考。
MAY_0797,data/raw/wav/MAY_0797.wav,もう大丈夫だね。,ja,3.755,gentle,,2,5,True,文本完整，语气安抚，时长适中，非常适合作为参考。,
MAY_0798,data/raw/wav/MAY_0798.wav,トゥルル、ただいま。,ja,3.189,happy,teasing,3,4,True,日常回家问候，情绪轻松愉快，时长合适。,含拟声词，带俏皮感。
MAY_0799,data/raw/wav/MAY_0799.wav,オカリ、オカリ。,ja,2.053,other,,2,2,False,仅为重复称呼，缺乏完整句意，情绪指向不够明确。,适合作为语气补充，不宜作为主参考。
MAY_0800,data/raw/wav/MAY_0800.wav,フェリスちゃんやルカちゃんにもね声をかけたんだけど、今日は無理って言われちゃった。,ja,8.923,neutral,sad,2,3,False,语义完整但略超建议时长，适合日常对话参考。,句子较长，需注意呼吸断句。
MAY_0801,data/raw/wav/MAY_0801.wav,フェリスちゃんは今日はラインネットの大会。,ja,4.624,neutral,,2,4,True,陈述句信息完整，时长适中，情绪平稳。,适合作为中性说明语气参考。
MAY_0802,data/raw/wav/MAY_0802.wav,あとねルカちゃんはなんだか恥ずかしそうにしてたよ。,ja,6.416,teasing,,2,4,True,句子完整，时长合适，带有轻松观察与调侃语气。,
MAY_0803,data/raw/wav/MAY_0803.wav,恥ずかしいんだって可愛いは正義なのに。,ja,5.488,happy,,3,4,True,语义完整，语气俏皮，情绪明确且时长适中。,
MAY_0804,data/raw/wav/MAY_0804.wav,クリスチャンもね、可愛いよね。,ja,4.0,gentle,,2,4,True,简短完整，语气温和肯定，适合参考。,
MAY_0805,data/raw/wav/MAY_0805.wav,ねえねえ今度のコミマに出てみない。,ja,4.464,excited,,3,5,True,邀请句式情绪积极明确，时长完美，极适合作为参考。,
MAY_0807,data/raw/wav/MAY_0807.wav,着るだけでいいよ。でもね、そのうちみんなに見てもらいたくなるよ。コスプレにはそうさせる魔物さんが住んでるんだ。,ja,11.536,gentle,,3,2,False,时长明显超出建议区间，且为多句复合表达，不适合作为单句参考。,
MAY_0808,data/raw/wav/MAY_0808.wav,そういえばクリスちゃんっていつも可愛い制服着てるよね。でもこんな制服都内にあったっけ?,ja,11.12,neutral,,2,2,False,时长超出推荐区间，且为闲聊式长句，泛用性较低。,建议拆分或仅用于长句参考
MAY_0810,data/raw/wav/MAY_0810.wav,明日コス持ってくるね。そしたら試着してくれる?,ja,5.696,gentle,happy,3,4,True,时长适中，语义完整，语气自然友好，适合作为单句参考。,
MAY_0811,data/raw/wav/MAY_0811.wav,大丈夫だよ。,ja,1.904,gentle,,2,3,False,时长略短于推荐下限，情绪表达较单一，信息量不足。,虽短但常用，可作为补充
MAY_0812,data/raw/wav/MAY_0812.wav,クリスちゃんは知らないかもだけどね、去年ぐらいにこんな言葉が流行ったんだよ。,ja,7.376,neutral,,2,4,True,时长合适，句子完整，语气平稳自然，适合参考。,
MAY_0813,data/raw/wav/MAY_0813.wav,パンツじゃないから恥ずかしくないもんって。,ja,3.984,teasing,embarrassed,3,3,False,文本带有特定语境依赖，情绪偏向特定情境，泛用性一般。,需注意演绎风格是否匹配
MAY_0814,data/raw/wav/MAY_0814.wav,絶対来てね。絶対だよ。,ja,3.248,serious,worried,3,5,True,文本完整，语气恳切明确，时长适中，非常适合作为参考。,
MAY_0815,data/raw/wav/MAY_0815.wav,お帰り。,ja,1.488,gentle,,2,2,False,时长明显偏短，情绪表达较单一，不适合作为高质量参考。,
MAY_0816,data/raw/wav/MAY_0816.wav,二人を止めて。,ja,2.08,worried,serious,3,3,True,文本完整且情绪明确，但略有上下文依赖，时长合适。,
MAY_0817,data/raw/wav/MAY_0817.wav,もう。,ja,1.984,teasing,embarrassed,2,1,False,文本过短且为独立语气词，高度依赖语境，不适合参考。,
MAY_0818,data/raw/wav/MAY_0818.wav,二人とも聞いて。マユシはね、喧嘩は嫌いなのです。仲良くしようよ。,ja,10.656,gentle,serious,3,2,False,文本完整情绪明确，但时长明显超出建议区间，不适合作为单句参考。,
MAY_0819,data/raw/wav/MAY_0819.wav,ねえねえ、オカリ。,ja,2.512,teasing,,2,3,False,文本为简短呼唤，情绪依赖上下文，独立参考价值有限。,
MAY_0820,data/raw/wav/MAY_0820.wav,なんだかねえここ何週間ですごく賑やかになったね。,ja,6.544,happy,gentle,3,5,True,句子完整，时长适中，情绪明朗自然，非常适合作为参考。,
MAY_0821,data/raw/wav/MAY_0821.wav,楽しいね。,ja,1.84,happy,,3,3,False,时长低于2秒下限，文本过短不利于声学特征稳定提取。,
MAY_0822,data/raw/wav/MAY_0822.wav,あのね、ダボメンが八人に増えたでしょ?ちょっと狭くなってきたなってマユシは思うんだ。,ja,9.472,neutral,worried,2,3,False,时长超过8秒上限，且包含较多叙述与语气词，单句参考适配度较低。,
MAY_0823,data/raw/wav/MAY_0823.wav,まずね椅子が足りないのです。,ja,3.824,serious,,2,4,True,时长在理想区间内，语义完整清晰，语气平稳明确。,
MAY_0824,data/raw/wav/MAY_0824.wav,買ってこなくちゃだよ。オカリナお金ある?,ja,4.64,neutral,,2,4,True,文本完整独立，时长适中，日常询问语气清晰。,偏日常交流，适合作为基础语气参考。
MAY_0825,data/raw/wav/MAY_0825.wav,んじゃあまゆしいんのバイト代もちょっと出していいよ。,ja,5.36,gentle,,2,4,True,句子结构完整，时长符合标准，语气自然体贴。,带有商量与让步口吻。
MAY_0826,data/raw/wav/MAY_0826.wav,あとはね電子レンジ新しいの買わないとジューシー唐揚げナンバーワンが温められないよ。,ja,10.496,neutral,,2,2,False,时长明显超出建议区间，句子偏长且信息密度高。,语速可能较慢或含较多停顿，不适合作为短参考。
MAY_0827,data/raw/wav/MAY_0827.wav,オカリ、大丈夫元気ないよ。,ja,5.328,worried,,3,5,True,情绪指向明确（关心/担忧），时长完美，文本独立完整。,高质量单句参考候选。
MAY_0828,data/raw/wav/MAY_0828.wav,体調良くないのかな。だったらね、休まなきゃ。横になる?膝枕してあげるよ。,ja,10.912,gentle,,3,2,False,时长过长且为多句连续表达，上下文依赖较强。,虽情感丰富但长度不符合单句参考筛选标准。
MAY_0829,data/raw/wav/MAY_0829.wav,本当だ家に電話しなくちゃ。,ja,4.416,worried,serious,3,5,True,文本完整，表达明确的紧迫感与担忧，时长处于最佳区间。,
MAY_0830,data/raw/wav/MAY_0830.wav,モエカさん、これって。,ja,3.664,neutral,worried,2,2,False,句子为残句，语义不完整，高度依赖上下文。,
MAY_0831,data/raw/wav/MAY_0831.wav,ねえ萌香さんはラブ面仲間だよね。,ja,9.152,teasing,happy,3,3,False,文本完整且情绪明确，但时长略超推荐上限。,
MAY_0833,data/raw/wav/MAY_0833.wav,おっかり。,ja,1.936,other,,2,2,False,时长过短且为独立感叹词，缺乏完整语义结构。,
MAY_0834,data/raw/wav/MAY_0834.wav,ははは。,ja,1.12,happy,,2,1,False,纯笑声无实际语义，时长过短，不适合作为语音推理参考。,
MAY_0835,data/raw/wav/MAY_0835.wav,トゥトゥルー マイユシーです。,ja,2.992,happy,,3,4,True,文本为带拟声词的完整开场白，情绪轻快明确，时长在理想区间内。,适合作为活泼/打招呼语气的参考。
MAY_0836,data/raw/wav/MAY_0836.wav,ただいま電話に出ることができません。,ja,3.728,neutral,,2,4,True,标准电话应答提示，语义完整独立，语气平稳，适合作为中性参考。,无
MAY_0837,data/raw/wav/MAY_0837.wav,ピーってなったら伝言どうぞ。,ja,3.723,neutral,,2,4,True,完整的语音信箱提示语，语义清晰，时长适中，适合中性/礼貌语气参考。,与上一条可能为连续语音，但单句本身完整可用。
MAY_0838,data/raw/wav/MAY_0838.wav,お帰り。そんなに急いでどこいくの?,ja,4.736,gentle,worried,3,5,True,日常问候与疑问结合，文本完整自然，情感清晰，非常适合作为交互参考。,包含问候与关切疑问，适合日常对话场景。
MAY_0839,data/raw/wav/MAY_0839.wav,わあわあわあ。,ja,1.547,sad,,4,2,False,时长明显不足2秒，且为纯拟声词缺乏完整语义，不适合作为常规语音参考。,仅适合特殊音效或情绪爆发片段。
MAY_0840,data/raw/wav/MAY_0840.wav,ま、ま待って荷物が。,ja,3.189,worried,,3,3,False,文本为中断残句，情绪焦急但完整性不足。,
MAY_0841,data/raw/wav/MAY_0841.wav,ええなんで。,ja,2.475,other,,2,2,False,句子极短且高度依赖上下文，情绪指向模糊。,
MAY_0842,data/raw/wav/MAY_0842.wav,ねえどこ行くの。,ja,3.861,worried,,2,4,True,句子完整，语气带有轻微关切，时长适中，适合参考。,
MAY_0843,data/raw/wav/MAY_0843.wav,少しね、休んだ方がいいんじゃないかな。,ja,4.704,gentle,,2,5,True,句式完整，语气温和关切，时长完美，非常适合作为参考音频。,
MAY_0844,data/raw/wav/MAY_0844.wav,でもね、オカリすごい汗だよ。運動苦手なのにね。無理すると。,ja,8.789,worried,,3,3,False,时长略超建议区间，且句末为省略残句，完整性稍欠。,
MAY_0845,data/raw/wav/MAY_0845.wav,どうしたんだろうね。,ja,2.912,neutral,,2,4,True,句式完整，语气为日常询问，时长符合标准，适合作为参考。,
MAY_0846,data/raw/wav/MAY_0846.wav,おかり、この人たち知り合い?,ja,5.067,neutral,,2,4,True,疑问句结构清晰，情绪明确，适合单句参考。,
MAY_0847,data/raw/wav/MAY_0847.wav,おかえりどこに行くの?,ja,3.776,worried,,2,3,True,包含连贯询问，略带疑惑，但略有上下文依赖。,
MAY_0848,data/raw/wav/MAY_0848.wav,なに、いったいどうなって。,ja,5.184,worried,,3,2,False,句末明显截断，语义不完整，不适合独立参考。,
MAY_0849,data/raw/wav/MAY_0849.wav,トトロまよしいです。,ja,2.752,other,,2,2,False,文本存在疑似错字或生僻表达，语义不明确。,
MAY_0850,data/raw/wav/MAY_0850.wav,ただいま電話に出ることができません。,ja,3.595,neutral,,1,4,True,标准自动应答语句，完整且情绪平稳，适合作为中性参考。,
MAY_0851,data/raw/wav/MAY_0851.wav,ピーってなったら天候どうぞ。,ja,3.541,neutral,,1,3,True,留言提示标准句式，完整但文本疑似存在识别错字，情绪平稳。,
MAY_0852,data/raw/wav/MAY_0852.wav,トゥトゥルウ、まゆしいです。おかりんどうしたの?,ja,5.429,gentle,worried,2,5,True,角色标志性问候与关切询问，语句完整，情绪明确且富有角色特征。,典型角色台词，适合做情感参考。
MAY_0853,data/raw/wav/MAY_0853.wav,うん、そうだよ。,ja,1.707,neutral,,1,2,False,时长偏短且为简短附和，缺乏独立语境与明确情绪特征。,
MAY_0854,data/raw/wav/MAY_0854.wav,えなんで。,ja,1.835,worried,,2,2,False,时长不足且为强上下文依赖的疑问短句，不适合作为独立参考。,
MAY_0855,data/raw/wav/MAY_0855.wav,あー オカリ。,ja,2.752,neutral,,1,2,False,文本仅为简短呼唤，缺乏完整语义与明确情绪，上下文依赖强。,残句/呼唤类，不适合作为独立参考。
MAY_0856,data/raw/wav/MAY_0856.wav,もしかしてオカリナも援護に来てくれたの。,ja,4.149,happy,,2,4,True,完整疑问句，带有惊喜与期待感，时长适中，情绪明确。,适合日常惊喜语气参考。
MAY_0857,data/raw/wav/MAY_0857.wav,ルカちゃんにコスを着てもらうためのね説得だよ。,ja,4.629,gentle,,2,4,True,解释说明类完整语句，语气轻松自然，适合日常对话参考。,语速平稳，适合中性偏柔和参考。
MAY_0858,data/raw/wav/MAY_0858.wav,ねえオカリルカちゃんを説得するいい方法何かないかな。,ja,7.264,worried,,2,4,True,完整商量语气，带有轻微求助与困扰，时长在理想区间。,适合表现轻微焦虑或求助状态。
MAY_0859,data/raw/wav/MAY_0859.wav,マユシイにはルカちゃん攻略法がもう思いつきません。,ja,5.899,sad,,2,4,True,表达无奈与轻微挫败，语义完整独立，情绪指向清晰。,适合表现放弃或无力感。
MAY_0860,data/raw/wav/MAY_0860.wav,ええどういうこと。,ja,2.891,worried,,2,4,True,完整疑问短句，时长适中，疑惑情绪明确。,
MAY_0861,data/raw/wav/MAY_0861.wav,どうで旅行かな。,ja,3.456,other,,1,2,False,文本疑似残缺或存在语病，语义不明确，不适合作为独立参考。,疑似口误或断句不全。
MAY_0862,data/raw/wav/MAY_0862.wav,オカリ、遠出ってどこ行くの?どうして急に?,ja,4.992,worried,excited,3,5,True,文本完整且包含明确疑问与惊讶情绪，时长理想，非常适合作为参考。,双问句连贯，情绪层次丰富。
MAY_0863,data/raw/wav/MAY_0863.wav,え、どういうこと?,ja,2.315,worried,,2,4,True,标准疑问短句，情绪明确，时长在推荐区间内。,与0860语义相近，更口语化。
MAY_0864,data/raw/wav/MAY_0864.wav,う、うん。,ja,1.419,neutral,embarrassed,1,2,False,时长过短且为简单应答词，缺乏完整语义与情绪层次。,仅适合做语气填充。
MAY_0865,data/raw/wav/MAY_0865.wav,お帰り。マユシはなんだか怖いよ。,ja,5.963,worried,sad,3,5,True,文本完整，害怕与担忧情绪明确，时长适中，非常适合作为参考。,
MAY_0866,data/raw/wav/MAY_0866.wav,どこ行くの。,ja,1.519,neutral,,2,2,False,时长明显过短，且缺乏明确情绪指向，上下文依赖较强。,
MAY_0867,data/raw/wav/MAY_0867.wav,マユシは置いていかれたくないな。,ja,4.629,sad,worried,3,5,True,句子完整，依恋与不安情绪明确，时长合适，适合参考。,
MAY_0868,data/raw/wav/MAY_0868.wav,そんなこと言っちゃやだよ。絶対戻ってきてね。でないとマユシは何かなんだか。,ja,9.408,worried,sad,4,3,False,时长偏长，且句末为未完结的残句，情绪表达不够完整独立。,
MAY_0870,data/raw/wav/MAY_0870.wav,あのねおっかり、マヨシは聞きたいこといっぱいあるけど今は我慢しとくね。,ja,8.424,gentle,serious,3,3,False,文本完整，克制与温柔情绪明确，时长略超建议区间但整体可用。,文本含口语化昵称，但不影响情绪判断。
MAY_0871,data/raw/wav/MAY_0871.wav,その代わり終わったらね全部聞かせてほしいです。,ja,5.992,gentle,,2,5,True,句子完整，语气礼貌温和，时长在理想区间内，非常适合作为参考。,
MAY_0872,data/raw/wav/MAY_0872.wav,ふぶきちゃんからメールがあってね、マユシーのコスにちょっと問題発生しちゃってたのです。糸がほつれてるところがあったんだ。,ja,11.056,neutral,worried,2,3,False,时长超过8秒，包含多句信息且偏向叙述，不适合作为单句参考。,
MAY_0873,data/raw/wav/MAY_0873.wav,それを直しに。,ja,1.592,neutral,,1,2,False,时长不足2秒且为残句，缺乏完整语境，不适合参考。,
MAY_0874,data/raw/wav/MAY_0874.wav,住んでるっていうかね、今ちょうど U P X のスタベマできてたのです。,ja,7.816,neutral,happy,2,4,True,时长合适，口语表达自然完整，情绪平稳，适合作为参考。,带有口语填充词，但整体语义完整。
MAY_0875,data/raw/wav/MAY_0875.wav,今日のパーティー。,ja,1.688,neutral,,1,2,False,仅为名词短语，时长过短，缺乏完整语义，不适合参考。,
MAY_0876,data/raw/wav/MAY_0876.wav,中止になったけど絶対にいつか。,ja,4.024,serious,,3,4,True,文本完整，时长在理想区间，表达坚定的决心，适合作为参考。,
MAY_0877,data/raw/wav/MAY_0877.wav,ジューシー唐揚げナンバーワン。,ja,3.648,happy,,4,4,True,文本完整，时长合适，语气积极热情，适合作为参考。,
MAY_0880,data/raw/wav/MAY_0880.wav,なんのこと。,ja,1.76,neutral,,2,2,False,时长不足2秒，且为疑问短句，依赖上下文，不适合作为独立参考。,
MAY_0881,data/raw/wav/MAY_0881.wav,オカリ。,ja,1.4,neutral,,1,1,False,时长过短，疑似残句或专有名词，缺乏完整语义与情绪。,
MAY_0883,data/raw/wav/MAY_0883.wav,お帰りお帰りちょっと来て。,ja,3.416,gentle,,3,4,True,文本完整，时长合适，日常招呼语气自然亲切，适合参考。,
MAY_0884,data/raw/wav/MAY_0884.wav,これをね持っててくれないかなこうしてピローンって広げて。,ja,7.16,gentle,,2,4,True,文本完整，语气自然温和，时长在理想区间内，适合作为日常对话参考。,
MAY_0885,data/raw/wav/MAY_0885.wav,ビローン。,ja,1.112,other,,1,1,False,仅为拟声词，时长过短且缺乏完整语义，不适合作为独立参考。,
MAY_0886,data/raw/wav/MAY_0886.wav,うん。,ja,1.424,neutral,,1,1,False,单字应答，时长不足且情绪信息极少，上下文依赖强，不适合参考。,
MAY_0887,data/raw/wav/MAY_0887.wav,うん、ありがとう。,ja,2.36,gentle,,2,4,True,表达感谢，语气礼貌温和，时长适中，语义完整明确。,
MAY_0888,data/raw/wav/MAY_0888.wav,うんできたー。,ja,2.16,happy,,3,4,True,表达完成某事的喜悦，情绪明确，时长合适，适合单句参考。,
MAY_0889,data/raw/wav/MAY_0889.wav,クリスちゃんより先にできたよ。競争してたんだ。,ja,4.992,happy,teasing,2,4,True,文本完整，语气轻松带点小得意，时长合适，适合作为日常对话参考。,
MAY_0890,data/raw/wav/MAY_0890.wav,何が問題なのかな完成したんじゃないの。,ja,4.856,serious,worried,2,4,True,疑问句式完整，语气偏向认真询问，时长适中，适合参考。,
MAY_0891,data/raw/wav/MAY_0891.wav,ああお帰りお帰り鈴さんも一緒だったんだね。,ja,5.717,gentle,happy,2,5,True,日常问候语自然完整，语气温和亲切，时长理想，非常适合作为参考。,
MAY_0892,data/raw/wav/MAY_0892.wav,やっぱりねスーパー電話レンジちゃんの完成祝いはするべきだよ。,ja,6.731,excited,happy,3,4,True,表达明确且带有提议的热情，句子完整，时长在合理区间内。,
MAY_0893,data/raw/wav/MAY_0893.wav,ということで、だるくんと二人で買い出ししてね、帰ってきたの。,ja,6.096,neutral,,1,3,True,带有承接上文的口语化表达，信息完整但略有上下文依赖，时长合适。,
MAY_0894,data/raw/wav/MAY_0894.wav,えー オカリ付き合い悪いよ。,ja,4.741,teasing,,2,4,True,文本完整独立，带有轻微调侃语气，时长适中。,日常吐槽风格
MAY_0895,data/raw/wav/MAY_0895.wav,すずさん元気ないけどどうかしたの?,ja,4.299,worried,,3,5,True,疑问句表达关心，情绪明确，时长标准，非常适合作为参考。,
MAY_0896,data/raw/wav/MAY_0896.wav,まゆしいも聞きたいよ。,ja,2.453,happy,,2,4,True,句子简短完整，表达期待与好奇，时长在合理区间。,
MAY_0897,data/raw/wav/MAY_0897.wav,でもすずさん落ち込んでるみたいだし、なんだかね、まゆしいは心配なのです。,ja,8.944,worried,sad,3,3,False,情绪明确为担忧，但时长略超上限且含口语填充词，适合作为参考但需留意节奏。,时长偏长
MAY_0898,data/raw/wav/MAY_0898.wav,鈴さんは何年生まれなの?,ja,2.544,neutral,,1,4,True,标准疑问句，情绪中性平稳，时长合适，适合基础音色参考。,
MAY_0899,data/raw/wav/MAY_0899.wav,七年後なんだ。まだ生まれてないのにここにいるんだね。うん?ええと。,ja,11.443,neutral,,2,2,False,时长超出建议区间，文本含多处语气词与停顿，偏向内心独白，独立性不足。,
MAY_0900,data/raw/wav/MAY_0900.wav,ディストピア?,ja,1.835,neutral,,2,2,False,时长过短且仅为单一疑问词，缺乏完整语境与明确情绪。,
MAY_0901,data/raw/wav/MAY_0901.wav,それは困るよ。まゆしいはバナナ大好きなのに。,ja,5.456,worried,,3,5,True,时长适中，语义完整独立，带有温和关切的情绪，非常适合作为参考。,
MAY_0902,data/raw/wav/MAY_0902.wav,じゃあお父さんを探してるっていうのはあれは嘘だったのかな。,ja,7.461,serious,,3,4,True,时长在合理范围内，句子完整，情绪偏向认真推测，适合作为参考。,
MAY_0903,data/raw/wav/MAY_0903.wav,わあ、ハモったー。,ja,2.597,happy,,4,5,True,时长标准，情绪明确饱满，句子独立，是优质的单句参考素材。,
MAY_0904,data/raw/wav/MAY_0904.wav,えっとなんで二千年と千九百九十一年なの。,ja,6.016,neutral,,2,4,True,文本完整，时长合适，语气为日常疑问，适合作为中性参考。,
MAY_0905,data/raw/wav/MAY_0905.wav,事件。,ja,1.147,neutral,,1,1,False,文本仅为孤立名词，缺乏完整语境与情绪表达，时长过短。,时长不足2秒
MAY_0906,data/raw/wav/MAY_0906.wav,今年って何か大きな事件起きたかな。,ja,5.2,neutral,worried,2,4,True,句子完整，时长适中，带有轻微思索与关切感，适合参考。,
MAY_0907,data/raw/wav/MAY_0907.wav,あそっかあそうだよねすごい。,ja,4.587,happy,excited,3,5,True,文本连贯，情绪从恍然到赞叹过渡自然，时长完美，极具参考价值。,
MAY_0908,data/raw/wav/MAY_0908.wav,衣装ってどういうこと?,ja,3.728,neutral,,2,4,True,疑问句结构完整，时长合适，语气明确，适合作为日常对话参考。,
MAY_0909,data/raw/wav/MAY_0909.wav,あれじゃないかなクリスちゃんが死んじゃったっていうおかりんのメール。,ja,6.728,worried,,3,4,True,文本完整，话题涉及死亡，情绪明确偏向担忧，时长合适。,语气偏沉重，需注意演绎分寸。
MAY_0910,data/raw/wav/MAY_0910.wav,まゆしいはね平泳ぎが得意だよ。,ja,4.184,gentle,,2,5,True,句子独立完整，语气轻松自然，时长标准，非常适合作为参考。,
MAY_0911,data/raw/wav/MAY_0911.wav,そうだよ。タイムマシンならね、時間はあんまり関係ないもん。,ja,6.728,neutral,,2,4,True,陈述句完整，语气平稳具解释性，时长合适。,含承接词但语义独立。
MAY_0912,data/raw/wav/MAY_0912.wav,まゆしいは腹ペコです。,ja,2.976,happy,,3,5,True,句子简短完整，情绪明确可爱，时长在理想区间内。,
MAY_0913,data/raw/wav/MAY_0913.wav,わあオカリこんな大金どうするの。,ja,5.112,excited,,4,5,True,感叹词开头情绪饱满明确，句子完整，时长合适。,
MAY_0914,data/raw/wav/MAY_0914.wav,ちょっと待って待って。,ja,3.192,worried,,3,4,True,文本简短独立，带有轻微催促与焦急感，时长在理想区间内。,日常高频短句，适配性强。
MAY_0915,data/raw/wav/MAY_0915.wav,ねえねえみんなもう一つ忘れてるよ。,ja,4.992,excited,happy,3,5,True,句子完整且情绪明确，带有活泼提醒的语气，时长理想。,适合日常互动参考。
MAY_0916,data/raw/wav/MAY_0916.wav,鈴さんのお父さんは今はどこにいるの?,ja,4.616,worried,serious,3,4,True,疑问句结构完整，情绪偏向关切询问，时长适中。,专有名词不影响单句情绪表达。
MAY_0919,data/raw/wav/MAY_0919.wav,わあオカリんってばダメなんだよ。約束はねちゃんと守らなきゃ。,ja,8.2,serious,gentle,3,3,False,语义完整但时长略超8秒上限，带有轻微责备与认真语气。,时长偏长，建议作为备选。
MAY_0920,data/raw/wav/MAY_0920.wav,この前約束したでしょ鈴さんのお父さんはみんなで探そうって。,ja,8.04,serious,,2,2,False,上下文依赖较强，且时长略超建议区间，独立参考性稍弱。,需结合前文语境理解，情绪表达偏平。
MAY_0922,data/raw/wav/MAY_0922.wav,もしそうならマユシーは合わせてあげたいです。,ja,5.0,gentle,,2,4,True,文本完整，语气温和体贴，时长适中。,
MAY_0923,data/raw/wav/MAY_0923.wav,ああ外国人さん。,ja,3.288,neutral,,2,3,True,句子完整但偏短，情绪中性，略依赖上下文。,
MAY_0924,data/raw/wav/MAY_0924.wav,ピンバッジ。,ja,1.336,neutral,,1,2,False,时长不足2秒，仅为孤立名词，缺乏完整语义与情绪。,
MAY_0925,data/raw/wav/MAY_0925.wav,なんか書いてあるよ。,ja,2.232,neutral,,2,4,True,日常口语完整，语气自然，时长符合标准。,
MAY_0926,data/raw/wav/MAY_0926.wav,でもでもこれはきっとヒントになるよ。,ja,4.232,happy,,3,5,True,语义完整，情绪积极明确，带有鼓励意味，时长理想。,
MAY_0927,data/raw/wav/MAY_0927.wav,というわけで鈴さんのお父さん探しに賛成の人。,ja,5.712,neutral,serious,2,4,True,文本完整，时长合适，语气偏向中性召集，适合作为参考。,略带上下文衔接词，但独立成句清晰。
MAY_0928,data/raw/wav/MAY_0928.wav,おかりんありがとう。,ja,2.864,gentle,happy,3,5,True,表达感谢，情感明确，时长适中，非常适合作为参考音频。,
MAY_0929,data/raw/wav/MAY_0929.wav,それでいいの。,ja,1.872,neutral,,2,2,False,时长偏短且高度依赖上下文，情绪指向不明确，不适合作为独立参考。,可能为疑问或妥协语气，需结合前后文判断。
MAY_0930,data/raw/wav/MAY_0930.wav,どぅどぅるー まゆしいでーす。,ja,2.848,happy,excited,4,5,True,标志性问候语，情绪欢快明确，时长合适，极具角色代表性。,拟声词与自我介绍结合，发音特征明显。
MAY_0931,data/raw/wav/MAY_0931.wav,えっとね駅の前だよ。,ja,3.112,neutral,gentle,2,4,True,日常对话句式，语气自然，时长适中，适合参考。,带有轻微迟疑语气词，贴近真实交流状态。
MAY_0932,data/raw/wav/MAY_0932.wav,うん、わかった。,ja,1.992,neutral,,1,3,False,时长略低于建议下限，文本过短且情绪平淡，作为单句参考信息量不足。,
MAY_0933,data/raw/wav/MAY_0933.wav,お願いします。お願いします。ご協力よろしくお願いします。,ja,8.872,serious,gentle,3,3,False,时长超出建议上限，且句式重复，不适合作为精炼的单句参考音频。,
MAY_0935,data/raw/wav/MAY_0935.wav,あっ大谷鈴さんあのねちょうど聞きたいことがあったんだ。,ja,7.352,gentle,,2,4,True,时长适中，文本完整且为自然对话开场，情绪明确，适合作为参考。,
MAY_0936,data/raw/wav/MAY_0936.wav,バレルタイターさんのバレルってどういう意味なのかな。,ja,5.84,neutral,,2,4,True,时长合适，疑问句结构完整独立，情绪平稳清晰，适合参考。,
MAY_0937,data/raw/wav/MAY_0937.wav,でもでも本名じゃないんだよね。,ja,3.504,teasing,,3,3,False,句首带有明显上下文承接词，独立性较弱，情绪偏向日常闲聊。,
MAY_0938,data/raw/wav/MAY_0938.wav,どうしてバレル大頭さんなのかな。鈴さんはなんでジョンさんって名前にしたの?,ja,8.008,neutral,,2,3,False,文本为完整疑问句，情绪平稳带好奇，时长略超上限但整体清晰。,
MAY_0939,data/raw/wav/MAY_0939.wav,バレルさんはありがちじゃないよ。,ja,3.52,neutral,,2,5,True,文本简短完整，语气自然肯定，时长处于理想区间，非常适合作为参考。,
MAY_0940,data/raw/wav/MAY_0940.wav,そのチラシどうかなあ。結構な力作だと思うんだ。,ja,6.304,gentle,,3,5,True,文本完整，带有轻微赞赏与探讨语气，时长适中，情绪明确。,
MAY_0941,data/raw/wav/MAY_0941.wav,マユシのアイデアなのです。この方がね、みんな「おっ」って思ってくれるかなと思って。,ja,9.264,happy,,3,3,False,时长明显偏长，且包含口语化填充词，作为单句参考略显拖沓。,
MAY_0942,data/raw/wav/MAY_0942.wav,いい作戦だと思わないかなあ。えっとね、作戦名はマユシチラシで大勝利で。,ja,9.064,excited,,3,2,False,时长过长，含口语停顿与命名残句，上下文依赖较强，不适合作为独立参考。,
MAY_0943,data/raw/wav/MAY_0943.wav,うわー。,ja,1.472,other,,2,1,False,仅为感叹词，时长不足2秒，缺乏完整语义。,
MAY_0944,data/raw/wav/MAY_0944.wav,おかり鈴さんごめんねマユシが足を引っ張っちゃって。,ja,7.928,worried,sad,3,4,True,句子完整，带有明确歉意与担忧，时长接近上限但可接受。,
MAY_0945,data/raw/wav/MAY_0945.wav,ねえねえオカリ、あの人工衛星がタイムマシンだったなんてびっくりしたね。,ja,8.968,excited,happy,4,3,False,情感明确且完整，但时长略超8秒建议区间。,
MAY_0946,data/raw/wav/MAY_0946.wav,ビルに突き刺さっちゃってるけど、すずさんが無事で良かったね。,ja,6.088,gentle,happy,3,5,True,语义完整，情感自然（欣慰/温柔），时长完美契合标准。,
MAY_0947,data/raw/wav/MAY_0947.wav,あれって操作がとっても難しいんだって。,ja,4.44,neutral,,2,4,True,陈述句，语气平稳，时长适中，适合作为中性参考。,
MAY_0949,data/raw/wav/MAY_0949.wav,しかもね、あのタイムマシンってセルン製じゃないから、あんまり安定してないって。,ja,8.816,serious,worried,3,3,False,文本完整，语气偏向认真说明，但时长略超建议上限，故适当降分。,
MAY_0950,data/raw/wav/MAY_0950.wav,千九百七十五年に行くときが心配だな。,ja,6.008,worried,,3,5,True,情绪明确表达担忧，句子独立完整，时长完美符合标准。,
MAY_0951,data/raw/wav/MAY_0951.wav,二人乗りだったらね、一緒に行ってあげられたのにね。,ja,4.928,gentle,sad,3,5,True,带有遗憾与温柔语气，语义完整独立，时长适宜。,
MAY_0953,data/raw/wav/MAY_0953.wav,ねえねえオカリあのタイムマシンって名前はついてるのかな。,ja,6.784,excited,happy,3,4,True,语气活泼好奇，句子完整，适合作为日常互动参考。,
MAY_0954,data/raw/wav/MAY_0954.wav,ああそうだね。まゆしいっかりしてたよ。,ja,6.64,gentle,teasing,2,4,True,包含恍然大悟与轻微调侃，语义完整，时长合适。,
MAY_0955,data/raw/wav/MAY_0955.wav,うん、名前あった。,ja,2.52,neutral,,1,4,True,文本简短完整，语气平稳确认，时长在理想区间内。,
MAY_0956,data/raw/wav/MAY_0956.wav,F G二丸四なんとかなんとかだって。,ja,4.704,neutral,,2,2,False,含口语化模糊词，上下文依赖强，信息不完整。,
MAY_0957,data/raw/wav/MAY_0957.wav,ていうかねダルくんと鈴さんって結構お似合いだと思わない?,ja,7.424,teasing,gentle,3,4,True,完整疑问句，带有轻松闲聊与试探语气，情绪明确且时长合适。,
MAY_0958,data/raw/wav/MAY_0958.wav,ああ、そっかあ。うん、そうなのかなあ。,ja,5.616,gentle,,2,4,True,语气柔和带有思索与认同感，句子完整，时长适中。,
MAY_0959,data/raw/wav/MAY_0959.wav,うん?あのね、もう二着はできてるよ。楓ちゃんと吹雪ちゃんの分。,ja,9.312,neutral,,2,2,False,时长超过8秒上限，信息量偏大，不适合作为精炼参考音频。,
MAY_0960,data/raw/wav/MAY_0960.wav,うんそうなんだけどねルカちゃんが説得できなかったから今回は諦めたの。,ja,9.112,neutral,worried,2,3,False,文本完整，语气偏陈述与无奈，但时长略超建议区间。,时长9.1秒稍长，语速可能偏慢。
MAY_0961,data/raw/wav/MAY_0961.wav,ねえねえ、まゆしいもタイムマシンもっとよく見てきていいかな。,ja,5.896,happy,excited,3,5,True,时长适中，文本完整且带有明确的请求与期待情绪，非常适合作为参考。,
MAY_0962,data/raw/wav/MAY_0962.wav,はーい。,ja,1.44,neutral,,1,2,False,文本过短且时长不足2秒，缺乏足够的情绪与发音信息。,仅适合做极短应答，不适合作为主参考。
MAY_0963,data/raw/wav/MAY_0963.wav,ねえねえオカリあの人工衛星がタイムマシンだったなんてびっくりしたね。,ja,9.624,excited,happy,4,3,False,情绪明确且文本完整，但时长接近10秒，略超出最佳区间。,包含较多专有名词，发音参考价值高。
MAY_0964,data/raw/wav/MAY_0964.wav,ビルに突き刺さっちゃってるけど、すずさんが無事でよかったね。,ja,5.968,gentle,worried,3,5,True,时长完美，文本完整，带有明显的安心与关切语气，非常适合作参考。,
MAY_0965,data/raw/wav/MAY_0965.wav,あれって操作がとっても難しいんだって。,ja,4.568,neutral,,2,4,True,句子完整，时长适中，语气为日常陈述，适合作为中性参考。,
MAY_0967,data/raw/wav/MAY_0967.wav,しかもね、あのタイムマシンってセル製じゃないから、あんまり安定してないって。,ja,8.192,serious,worried,2,3,False,信息完整但时长略超8秒上限，语气偏说明与担忧，评分略降。,
MAY_0968,data/raw/wav/MAY_0968.wav,千九百七十五年に行くときが心配だな。,ja,5.672,worried,,3,5,True,明确表达担忧，时长完美，情感独立完整，极适合作为参考。,
MAY_0969,data/raw/wav/MAY_0969.wav,二人乗りだったらね、一緒に行ってあげられたのにね。,ja,4.872,gentle,sad,3,5,True,带有遗憾与温柔语气，时长合适，情感明确，适合参考。,
MAY_0971,data/raw/wav/MAY_0971.wav,ねえねえお帰り。あのタイムマシンって名前はついてるのかな。,ja,6.712,happy,,3,4,True,语气轻快带问候与好奇，时长适中，适合日常开心情绪参考。,
MAY_0972,data/raw/wav/MAY_0972.wav,ああそうだね、まゆしゆっかりしてたよ。,ja,6.056,gentle,neutral,2,4,True,文本完整，语气自然温和，时长适中，适合作为日常对话参考。,
MAY_0973,data/raw/wav/MAY_0973.wav,うん、名前合った。,ja,2.84,neutral,,2,4,True,简短确认句，语义完整清晰，时长在理想区间内。,
MAY_0974,data/raw/wav/MAY_0974.wav,F G二まる四なんとかなんとかだって。,ja,4.504,neutral,,1,2,False,包含模糊指代词“なんとかなんとか”，语义不够明确，不适合作为清晰参考。,
MAY_0975,data/raw/wav/MAY_0975.wav,っていうかねダルくんと鈴さんって結構お似合いだと思わない?,ja,7.448,teasing,happy,3,4,True,完整疑问句，带有轻松调侃语气，时长适中，适合情感表达参考。,
MAY_0976,data/raw/wav/MAY_0976.wav,ああそっか。うんそうなのかな。,ja,5.056,neutral,gentle,2,4,True,语气自然连贯，表达理解与轻微迟疑，时长合适，适合作为日常回应参考。,
MAY_0977,data/raw/wav/MAY_0977.wav,ねえねえ、まゆしいもタイムマシンもっとよく見てきていいかな。,ja,5.904,excited,gentle,3,4,True,文本完整，带有期待与询问语气，时长适中。,
MAY_0978,data/raw/wav/MAY_0978.wav,マユシイたちのこと忘れちゃイヤだよ。,ja,3.88,gentle,worried,3,4,True,句子完整，带有轻微撒娇与叮嘱语气，时长合适。,
MAY_0979,data/raw/wav/MAY_0979.wav,ああそれすごくいいかもだよ。,ja,4.128,happy,,3,4,True,表达赞同与积极情绪，语句独立完整，时长标准。,
MAY_0980,data/raw/wav/MAY_0980.wav,はいはいパンパカパーンここでマユシから重大な発表があります。,ja,8.936,excited,teasing,4,3,False,情绪活泼明确，但时长略超建议上限，仍可作为参考。,时长8.9秒略长
MAY_0981,data/raw/wav/MAY_0981.wav,マユシはですね、鈴さんのお父さん見つけました。,ja,7.552,serious,,3,4,True,陈述事实，语气认真清晰，时长适中，适合参考。,
MAY_0982,data/raw/wav/MAY_0982.wav,会いたい。会いたいよね。というわけで、今日はお父さんに来ていただいてます。,ja,10.16,neutral,gentle,2,2,False,文本较长且包含情绪转折，时长超出建议区间。,偏节目开场白风格，多句拼接感强。
MAY_0983,data/raw/wav/MAY_0983.wav,それでは発表します。すずさんのお父さんは。,ja,6.96,serious,,2,2,False,句末为提示助词，语义不完整，强依赖上下文。,适合做悬念过渡，但不适合独立参考。
MAY_0984,data/raw/wav/MAY_0984.wav,るるるるるるるるるるるるるるるるるるるる。,ja,3.368,happy,,3,1,False,纯哼唱无实际语义，缺乏发音特征，不适合作为语音参考。,情绪轻松但无法提取有效语音特征。
MAY_0985,data/raw/wav/MAY_0985.wav,ジャグジャグ!すずさんのお父さんは。,ja,3.92,excited,happy,3,2,False,包含拟声词且句末语义中断，结构残缺。,语气活泼但依赖后续内容补全。
MAY_0986,data/raw/wav/MAY_0986.wav,だるくんです。,ja,1.864,neutral,,2,3,False,语义完整独立，发音清晰，时长略短但可接受。,适合作为短参考句。
MAY_0987,data/raw/wav/MAY_0987.wav,もうみんなダルくんに冷たいよ。,ja,4.384,gentle,,2,4,True,句子完整，时长适中，语气温和带有关切，适合作为参考。,
MAY_0989,data/raw/wav/MAY_0989.wav,あのねマユシの推理だとダルくんは絶対にスズさんのお父さんなの。,ja,8.28,excited,,3,3,False,句子完整且情绪明确，但时长略超8秒建议区间，轻微扣分。,
MAY_0990,data/raw/wav/MAY_0990.wav,ピンバッチに書いてある文字のことをね、ずっと考えてたんだ。,ja,5.84,neutral,,2,4,True,叙述完整，时长在理想区间内，情绪平稳自然。,
MAY_0991,data/raw/wav/MAY_0991.wav,でね、じーって見てたら、七〇一〇の七の部分がちょっと変だなって気づいて。,ja,10.648,serious,,2,2,False,时长明显过长，且含口语化连接词，上下文依赖较强。,
MAY_0992,data/raw/wav/MAY_0992.wav,これはね七じゃなくて二なんだよ下の横棒が掠れて消えちゃってるだけ。,ja,8.616,serious,,3,3,False,逻辑完整，但时长略超建议上限，适合作为认真语气的参考。,
MAY_0993,data/raw/wav/MAY_0993.wav,デジカメで撮った画像を拡大するとね、気づくよ。,ja,4.816,neutral,,2,4,True,文本完整，语气自然日常，时长适中，适合作为中性参考。,
MAY_0994,data/raw/wav/MAY_0994.wav,簡単だよ。,ja,1.68,happy,,2,2,False,文本过短，时长不足2秒，信息量不足以支撑独立参考。,
MAY_0995,data/raw/wav/MAY_0995.wav,岡部椎名橋田牧瀬デモテアマネ。,ja,8.464,neutral,,1,2,False,纯人名罗列，缺乏完整语境与明确情绪，时长略超上限。,
MAY_0996,data/raw/wav/MAY_0996.wav,二千十年っていったら何かなって考えたらねラブ面の年だって思って。,ja,8.056,gentle,,2,3,False,时长略超8秒，口语化思考过程较长，语境依赖较强。,
MAY_0997,data/raw/wav/MAY_0997.wav,未来ガジェット研究所ができたのは今年だもん。,ja,4.512,happy,,2,5,True,文本完整独立，语气明确带轻微自豪，时长完美，极适合作为参考。,
MAY_0999,data/raw/wav/MAY_0999.wav,マユシイはラボメンだけどタイムマシンは作れないし争いごとも好きじゃないから。,ja,7.704,gentle,neutral,2,4,True,句子完整，语气平和解释原因，时长在理想区间内。,典型角色自述，适合做温和语气参考。
MAY_1001,data/raw/wav/MAY_1001.wav,すずさんがいたレジスタンスを作った人の中にはオカリナとバレルタイターさんもいたんでしょう。,ja,8.032,neutral,serious,2,3,False,疑问推测句式完整，语义明确，时长略超但可接受。,适合做中性/严肃语气参考。
MAY_1002,data/raw/wav/MAY_1002.wav,で二千十年のアキバにいた人で。,ja,4.512,neutral,,1,2,False,句子为残句，以接续助词结尾，严重依赖上下文。,信息不完整，不适合独立参考。
MAY_1003,data/raw/wav/MAY_1003.wav,タイムマシンを独自に研究できる人で。,ja,3.568,neutral,,1,2,False,结构不完整，为条件或列举片段，缺乏独立语义。,上下文依赖强。
MAY_1004,data/raw/wav/MAY_1004.wav,オカリナのリーディングシュークリームを。,ja,3.736,neutral,,1,2,False,仅为名词短语加宾格助词，语义截断，无法独立成句。,明显为残句。
MAY_1005,data/raw/wav/MAY_1005.wav,それについて知ってる人。,ja,2.392,neutral,,1,2,False,文本为名词短语，缺乏完整语境与明确情绪，偏向残句。,时长合适但内容不完整
MAY_1006,data/raw/wav/MAY_1006.wav,ねえ、ダル君ならぴったりでしょう?,ja,3.136,gentle,teasing,2,4,True,句子完整，语气轻松自然，带有提议与商量口吻。,适合日常对话参考
MAY_1007,data/raw/wav/MAY_1007.wav,それにね鈴さんがお父さんと会おうとしていた日のこと覚えてる。,ja,6.832,serious,neutral,2,4,True,叙述完整，语气平稳认真，回忆性质明确。,适合作为陈述句参考
MAY_1008,data/raw/wav/MAY_1008.wav,タイムマシンオフ会に行けばお父さんに会えると思ったんだよね。,ja,5.456,sad,serious,2,4,True,句子完整，表达未实现的期望，带有轻微遗憾与认真语气。,情感表达清晰
MAY_1009,data/raw/wav/MAY_1009.wav,ちなみにダルくんもそのオフ会に行こうとしてたでしょ?,ja,4.496,neutral,teasing,2,4,True,疑问句完整，语气自然，带有确认与闲聊性质。,适合日常交流参考
MAY_1011,data/raw/wav/MAY_1011.wav,それに F G はね、きっとフューチャーガジェットの略だと思うんだ。,ja,5.768,neutral,,2,4,True,句子完整，时长适中，语气为日常解释说明，适合作为中性参考。,
MAY_1012,data/raw/wav/MAY_1012.wav,最後に名前。バレルタイターさんはね、ダルくんしか考えられないよ。,ja,8.592,neutral,,2,3,False,语义完整，但时长略超8秒上限，语气偏日常推测，仍具参考价值。,时长稍长
MAY_1013,data/raw/wav/MAY_1013.wav,バレルはね、樽って意味なんだよね、クリスちゃん。,ja,4.712,gentle,,2,5,True,时长完美，句子完整且带有明确称呼，语气温和自然，极适合作参考。,
MAY_1014,data/raw/wav/MAY_1014.wav,でねでね鈴さん、橋田至って十回言ってみて。,ja,6.088,teasing,happy,3,5,True,带有明显互动与玩笑语气，时长适中，情绪明确，非常适合参考。,
MAY_1015,data/raw/wav/MAY_1015.wav,言えば分かるよ。,ja,2.856,neutral,,2,2,False,句子较短且高度依赖上下文，独立作为参考音频的价值较低。,上下文依赖强
MAY_1016,data/raw/wav/MAY_1016.wav,今、だいたーって聞こえなかった?,ja,4.488,neutral,worried,2,4,True,疑问句结构完整，时长适中，情绪偏向日常询问。,无明显问题。
MAY_1017,data/raw/wav/MAY_1017.wav,橋だいたる橋だいたる橋だいたる橋だいたる。,ja,7.16,other,,1,2,False,文本为机械重复短语，缺乏明确语义与情绪指向，不适合作为参考。,疑似口吃、练习或语音识别错误片段。
MAY_1018,data/raw/wav/MAY_1018.wav,マジです。,ja,1.272,serious,,3,2,False,时长过短（<2秒），信息量不足，不利于模型学习完整发音特征。,需结合上下文判断具体语气。
MAY_1019,data/raw/wav/MAY_1019.wav,とってもお似合いの親子だと思うな。,ja,3.048,gentle,happy,3,5,True,句子完整，情感温暖明确，时长适中，非常适合作为参考。,适合温柔/日常语气参考。
MAY_1020,data/raw/wav/MAY_1020.wav,ええ、名探偵?へえ、そんなこと言われたの初めてだよ。,ja,7.888,happy,teasing,3,4,True,对话感强，情绪自然明确，时长在合理区间内。,包含轻微语气词，适合日常互动参考。
MAY_1021,data/raw/wav/MAY_1021.wav,ひいおじいちゃんらしくドーンって構えてればいいと思うよ。,ja,5.36,gentle,,2,4,True,句子完整，语气带有安抚与鼓励，时长适中，适合作为参考。,偏日常对话风格
MAY_1022,data/raw/wav/MAY_1022.wav,すずさんならね、三十五年前。,ja,3.864,neutral,,1,2,False,文本带有较强上下文依赖，语义不完整，像是对话中途的补充说明。,需结合前后文理解
MAY_1023,data/raw/wav/MAY_1023.wav,ええこれもしかして鈴さん。,ja,5.048,excited,,3,4,True,表达惊讶与确认，情绪明确，句子独立完整，时长合适。,适合表现轻微惊讶或恍然大悟的语气
MAY_1024,data/raw/wav/MAY_1024.wav,オカリ、大丈夫?,ja,2.576,worried,,3,4,True,简短完整的关心询问，情绪指向明确，时长在合理区间。,适合表现关切语气
MAY_1025,data/raw/wav/MAY_1025.wav,お帰り。無茶はだめだよ。,ja,3.816,gentle,,2,5,True,日常问候加叮嘱，语义完整独立，情绪温和明确，非常适合作为参考。,典型日常关怀句式
MAY_1026,data/raw/wav/MAY_1026.wav,おかり、Dメールを送るの。でもそうしたら全部消えちゃうんだよ。,ja,8.288,worried,serious,3,3,False,文本完整，担忧后果的情绪明确，时长略超上限但仍具参考价值。,
MAY_1027,data/raw/wav/MAY_1027.wav,いいの?,ja,1.248,worried,,2,2,False,时长过短且高度依赖上下文，语义不完整，不适合作为独立参考。,
MAY_1028,data/raw/wav/MAY_1028.wav,すずさんとの思い出、消えちゃうんだよ。本当にそれでいいの?,ja,6.728,worried,sad,4,5,True,时长处于理想区间，语义完整，担忧与不舍情绪表达清晰，极适合作参考。,
MAY_1029,data/raw/wav/MAY_1029.wav,気持ちいいね。,ja,2.56,happy,gentle,2,3,True,文本简短完整，情绪偏轻松愉悦，时长符合标准，但语境较泛。,
MAY_1030,data/raw/wav/MAY_1030.wav,ダルくんはね、メタボだからもっと運動しておくべきだと思うよ。,ja,5.76,teasing,gentle,3,4,True,时长合适，语气带有调侃与关心，语义完整独立，适合日常对话参考。,
MAY_1031,data/raw/wav/MAY_1031.wav,二人ともグタグタだね。えへへ。,ja,3.88,teasing,happy,3,4,True,文本完整，带有轻笑与调侃语气，情绪明确，时长合适。,适合表现轻松互动的语调。
MAY_1032,data/raw/wav/MAY_1032.wav,おかり詳しいんだね。この辺来たことあるの?,ja,5.896,neutral,,2,4,True,疑问句结构完整，语气自然日常，时长适中，适合作为中性对话参考。,无明显强烈情绪，适合基础音色参考。
MAY_1033,data/raw/wav/MAY_1033.wav,なんかね、今のオカリ、未来が見えてたみたいだったね。,ja,6.976,gentle,,3,4,True,句子完整，带有感叹与回忆语气，情绪平稳明确，时长合适。,适合表现柔和叙述或轻微感慨的语调。
MAY_1034,data/raw/wav/MAY_1034.wav,人がいないときに来るのって初めてだよ。,ja,5.064,neutral,,2,4,True,陈述句完整，表达初次体验的平静语气，时长标准，适合作为日常参考。,情绪平稳，适合基础音色校准。
MAY_1035,data/raw/wav/MAY_1035.wav,ねえねえ、まゆしいはお腹空いちゃった。,ja,4.664,happy,excited,3,5,True,语气词开头，表达撒娇与轻微抱怨，情绪鲜明可爱，时长完美。,极具角色特征，适合表现活泼语调。
MAY_1036,data/raw/wav/MAY_1036.wav,お帰り鈴さん早く早く。,ja,6.064,excited,happy,3,4,True,文本完整，带有欢迎与催促语气，情绪积极明确，时长适中。,
MAY_1037,data/raw/wav/MAY_1037.wav,気持ちいいね。,ja,2.752,gentle,,2,4,True,短句但语义完整，情绪舒缓放松，时长符合标准。,
MAY_1038,data/raw/wav/MAY_1038.wav,ダルくんはね、メタボだからもっと運動しておくべきだと思うよ。,ja,6.72,serious,neutral,2,4,True,陈述句完整，语气平稳客观，适合中性参考，时长合适。,
MAY_1039,data/raw/wav/MAY_1039.wav,二人ともグダグダだね。えへへ。,ja,3.752,teasing,happy,3,5,True,情绪鲜明（调侃与轻松），带有标志性语气词，文本完整且时长理想。,
MAY_1040,data/raw/wav/MAY_1040.wav,おかりん詳しいんだね。この辺来たことあるの?,ja,5.752,happy,neutral,2,4,True,疑问句完整，语气自然友好，适合日常对话参考，时长合适。,
MAY_1041,data/raw/wav/MAY_1041.wav,わー今のトラックひどいよ。,ja,4.824,worried,,3,4,True,文本完整，表达惊讶与轻微抱怨，情绪明确，时长在理想区间。,
MAY_1042,data/raw/wav/MAY_1042.wav,人がいない時に来るのって初めてだよ。,ja,4.736,gentle,,2,4,True,句子完整，语气平和带点感慨，无上下文依赖，适合参考。,
MAY_1043,data/raw/wav/MAY_1043.wav,ねえねえ、まゆしーはお腹空いちゃった。,ja,4.632,happy,teasing,3,5,True,语气活泼可爱，情感明确且具角色特征，时长标准，非常适合作为参考。,
MAY_1044,data/raw/wav/MAY_1044.wav,気持ちいいね。,ja,2.616,gentle,,2,4,True,表达舒适放松，句子简短完整，时长符合要求。,
MAY_1045,data/raw/wav/MAY_1045.wav,ダルくんはね、メタボだからもっと運動しておくべきだと思うよ。,ja,6.128,serious,teasing,3,4,True,句子完整，带有建议语气，信息独立，时长适中。,
MAY_1046,data/raw/wav/MAY_1046.wav,二人ともグダグダだね。,ja,3.76,teasing,,2,4,True,文本完整独立，语气轻松带调侃，时长在理想区间内。,
MAY_1047,data/raw/wav/MAY_1047.wav,おかりんそういうこと言っちゃだめなんだよ。,ja,3.912,gentle,,2,4,True,句子结构完整，语气温和劝诫，情绪指向明确。,
MAY_1048,data/raw/wav/MAY_1048.wav,わあ今のトラックひどいよ。,ja,4.512,worried,,3,4,True,感叹词配合完整陈述，惊讶与担忧情绪清晰，时长合适。,
MAY_1049,data/raw/wav/MAY_1049.wav,喧嘩は良くないよ。ダルくんは無事だったんだし、めでたしめでたしだよ。ね。,ja,8.48,gentle,,2,3,False,语气平和安抚，但时长略超8秒建议上限，稍降评分。,句末语气词较多，适合长句参考
MAY_1050,data/raw/wav/MAY_1050.wav,うんそうする。,ja,2.4,neutral,,1,2,False,文本过短且高度依赖上下文，缺乏独立情绪特征。,仅适合做简短应答参考
MAY_1051,data/raw/wav/MAY_1051.wav,ねえねえ、オカリ。,ja,3.024,teasing,,2,3,False,仅为简短呼唤，情绪指向较模糊，上下文依赖较强。,
MAY_1052,data/raw/wav/MAY_1052.wav,なんだじゃないよ。そんなにじいって見つめられたらね、気になってマユシはソワソワしちゃうのです。,ja,10.016,embarrassed,worried,3,2,False,时长超过8秒，明显超出理想区间，且句子偏长不利于单句参考。,文本完整但时长扣分
MAY_1054,data/raw/wav/MAY_1054.wav,今日のオカリ、なんだかいつもと違うような気がするよ。,ja,5.36,worried,gentle,2,4,True,时长适中，句子完整独立，关切情绪明确，适合作为参考。,
MAY_1055,data/raw/wav/MAY_1055.wav,うん、どうかしたの?,ja,2.696,worried,gentle,2,4,True,时长在理想区间，为完整疑问句，关切情绪明确，适合单句参考。,
MAY_1056,data/raw/wav/MAY_1056.wav,本当に無理してない。,ja,3.632,gentle,worried,2,4,True,时长合适，语义完整，语气平稳关切，适合作为参考音频。,
MAY_1057,data/raw/wav/MAY_1057.wav,そっか。でもね、たまにはボケーって休むことも必要なんだよ。そのことをね、忘れないでね、ほかなり。,ja,11.52,gentle,,2,2,False,时长超出建议区间，文本偏长且为多句组合。,
MAY_1058,data/raw/wav/MAY_1058.wav,オカリ。,ja,2.144,neutral,,1,1,False,文本过短且语义不完整，缺乏明确情绪特征。,
MAY_1059,data/raw/wav/MAY_1059.wav,トゥトゥルー。まさかね、本当に駅まで迎えに来てくれるなんて思わなかった。まゆしいはびっくりなのです。,ja,10.64,excited,,4,2,False,时长超标，含拟声词与多句叙述，不适合单句参考。,
MAY_1060,data/raw/wav/MAY_1060.wav,うん困るよね。それでねマユシーはとっても嬉しいよ。えへへ。,ja,7.648,happy,,4,4,True,时长在建议区间内，情绪明确且语义完整，适合参考。,包含笑声，需注意推理时的情感连贯性。
MAY_1061,data/raw/wav/MAY_1061.wav,ねえその抱えてる荷物って何?,ja,4.304,neutral,,2,4,True,时长适中，为完整日常疑问句，情绪平稳自然。,
MAY_1062,data/raw/wav/MAY_1062.wav,へえ、なんだかすごそうだね。でも世界線の数値って。,ja,8.48,neutral,,2,2,False,句尾省略导致语义不完整，且时长略超建议上限。,依赖上下文，不适合作为独立参考。
MAY_1063,data/raw/wav/MAY_1063.wav,あのね、まゆしいはおかりに愛されちゃってるね。えへへ。,ja,5.952,happy,embarrassed,4,5,True,语义完整，情绪明确且带有标志性笑声，时长适中。,非常适合提取角色音色与语气特征。
MAY_1064,data/raw/wav/MAY_1064.wav,あのねオカリナとマユーシーは小さい頃からずっとお友達なんだよ。,ja,6.96,gentle,,3,5,True,陈述句完整，语气平稳温柔，时长在理想区间内。,适合作为中性/温柔基调的标准参考。
MAY_1065,data/raw/wav/MAY_1065.wav,あーえー 今あーへー へー。,ja,3.984,other,,1,1,False,纯语气词与无意义发音，缺乏完整语义与明确情绪。,仅含发声练习或停顿音，不适合语音合成参考。
MAY_1066,data/raw/wav/MAY_1066.wav,萌香さん、これって。,ja,2.928,neutral,worried,2,2,False,典型对话残句，语义中断且高度依赖上下文。,时长虽合适，但信息不完整。
MAY_1067,data/raw/wav/MAY_1067.wav,うん、あ。,ja,1.168,neutral,,1,1,False,文本仅为语气词，语义不完整且时长明显过短。,时长不足2秒，缺乏明确情绪指向。
MAY_1068,data/raw/wav/MAY_1068.wav,おっかり。,ja,1.856,other,,1,1,False,文本语义不明且疑似识别错误或残句，时长偏短。,不适合作为情绪参考。
MAY_1069,data/raw/wav/MAY_1069.wav,ひ、痛いよ。,ja,3.632,worried,sad,4,4,True,语义完整，情绪明确（疼痛/担忧），时长适中。,适合表现受惊或轻微痛苦的反应。
MAY_1070,data/raw/wav/MAY_1070.wav,どうしたの?あっおかりんもバナナ食べる?,ja,4.384,gentle,happy,3,5,True,句子完整自然，情绪温和关切，时长非常适合作为参考。,包含疑问与提议，适合日常对话参考。
MAY_1071,data/raw/wav/MAY_1071.wav,おかえりなさいませご主人様。,ja,3.008,gentle,serious,2,5,True,标准问候语，语义完整清晰，时长合适，情绪稳定。,适合礼貌或服务类语境参考。
MAY_1072,data/raw/wav/MAY_1072.wav,ご主人様、違うよ。あのね、マユシニャンニャンだよ。,ja,6.24,teasing,,3,4,True,文本完整，带有亲昵与俏皮感，时长适中。,适合表现角色日常互动语气。
MAY_1073,data/raw/wav/MAY_1073.wav,あなたはフェリスちゃんのデュエルパートナーだよね。,ja,4.208,neutral,,2,4,True,陈述确认句，语义清晰完整，时长符合标准。,适合作为基础音色参考。
MAY_1074,data/raw/wav/MAY_1074.wav,もしかしてフェリスちゃんこの人にマヨシーの本名教えちゃったの?,ja,6.192,worried,,3,4,True,疑问句结构完整，带有轻微惊讶与关切，时长合适。,适合推理疑问语气。
MAY_1075,data/raw/wav/MAY_1075.wav,ああ、あそっかへへ。,ja,2.944,embarrassed,,2,2,False,文本过短且为反应性残句，情绪高度依赖上下文。,仅适合做语气词参考。
MAY_1076,data/raw/wav/MAY_1076.wav,もうフェリスちゃんお店でイチャイチャしちゃダメだよ。,ja,5.376,teasing,,3,4,True,完整劝诫句，带有轻微责备与亲昵感，情绪明确。,适合表现角色吐槽语气。
MAY_1077,data/raw/wav/MAY_1077.wav,お。,ja,1.008,neutral,,1,1,False,文本仅为单字感叹，缺乏完整语义与明确情绪，且时长不足2秒。,仅作语气词参考，不适合作为独立推理样本。
MAY_1078,data/raw/wav/MAY_1078.wav,ダル?クリス?誰かな。,ja,5.632,neutral,,2,4,True,语义完整，疑问语气明确，时长处于理想区间，适合日常对话参考。,情绪偏向好奇与中性。
MAY_1080,data/raw/wav/MAY_1080.wav,うんとマユシはわからないのです。ごめんね。,ja,6.576,gentle,embarrassed,3,5,True,句子完整，带有明确的歉意与柔和语气，时长适中，非常适合作为参考。,适合表现角色软萌或抱歉的声线特征。
MAY_1081,data/raw/wav/MAY_1081.wav,てってるー おかえりー。,ja,3.28,happy,,3,5,True,问候语完整，语气欢快明确，时长适中，适合作为开心场景参考。,拖音体现轻松愉快的氛围。
MAY_1082,data/raw/wav/MAY_1082.wav,えっとね、おかえりとおか凛って似てるでしょ?だからくっつけたら一粒で二度おいしいんだよ。,ja,10.272,teasing,happy,3,3,False,语义完整且带有俏皮解释，但时长超过8秒，可能包含呼吸停顿，参考分数略降。,长句适合测试连贯性，但作为单句参考稍长。
MAY_1083,data/raw/wav/MAY_1083.wav,対オカリナ専用挨拶ってことでいいんじゃないかな。,ja,6.24,neutral,,2,4,True,文本完整独立，语气自然平和，时长在理想区间内。,
MAY_1084,data/raw/wav/MAY_1084.wav,うん、多分メイクいいんじゃないかな。,ja,5.088,neutral,,2,4,True,句子结构完整，表达日常确认语气，时长适中。,
MAY_1085,data/raw/wav/MAY_1085.wav,もちろんだよ。どうして今更そんな当たり前のこと聞くの?変なおかりんだね。,ja,8.928,teasing,,3,3,False,情绪明确带调侃意味，但时长略超8秒上限，适当降分。,
MAY_1086,data/raw/wav/MAY_1086.wav,あのねマユシは明日からのコミマに備えてお休みをもらっているのです。,ja,6.912,gentle,,2,4,True,陈述句完整，语气柔和带说明性质，时长合适。,
MAY_1087,data/raw/wav/MAY_1087.wav,お帰りー あ、いたー。,ja,4.256,happy,,3,3,True,日常问候语情绪轻松，但由两个短句拼接，独立性稍弱。,
MAY_1088,data/raw/wav/MAY_1088.wav,御仏に御懲りに来たんだよ。,ja,2.672,serious,,3,4,True,文本完整，语气庄重严肃，时长合适，适合作为参考。,
MAY_1089,data/raw/wav/MAY_1089.wav,あのねマユシはオカリにがっかりなのです。,ja,5.264,sad,gentle,2,4,True,表达明确的失望情绪，句子完整，时长适中。,
MAY_1090,data/raw/wav/MAY_1090.wav,しらばっくれてもだめだもん。おかりんてば、るかちゃんを泣かせたでしょ。,ja,6.672,teasing,serious,3,4,True,带有轻微责备与调侃语气，语义完整，时长合适。,
MAY_1091,data/raw/wav/MAY_1091.wav,ルカちゃんに相談されたんだよ。男だったって言われたって。,ja,5.888,serious,neutral,2,4,True,陈述事实，语气认真，句子完整且时长适宜。,
MAY_1092,data/raw/wav/MAY_1092.wav,穂香りなんでそんな酷いこと言ったの?,ja,3.84,sad,worried,3,5,True,情感指向明确，疑问句式完整，时长完美，极适合作参考。,
MAY_1093,data/raw/wav/MAY_1093.wav,関係なくないよ。ルカちゃんはマユシのお友達だもん。,ja,5.296,gentle,,2,5,True,文本完整独立，语气温柔肯定，时长处于理想区间，非常适合作为参考。,
MAY_1094,data/raw/wav/MAY_1094.wav,話してくれないならねマユシはオカリント絶交だよもうラブ面もやめちゃうんだからね。,ja,9.792,teasing,,4,3,False,情绪偏向撒娇与玩笑，表达明确，但时长接近10秒偏长，需适当裁剪后使用。,时长偏长
MAY_1095,data/raw/wav/MAY_1095.wav,ねえねえ、どうしてあんなひどいこと言ったの?,ja,5.152,worried,,3,5,True,疑问句式情绪明确，表达关切与不解，时长完美，适合单句参考。,
MAY_1096,data/raw/wav/MAY_1096.wav,何か悩みがあるんだよね。,ja,4.448,gentle,,2,4,True,语气柔和关切，句子独立完整，时长合适，具备良好参考价值。,
MAY_1097,data/raw/wav/MAY_1097.wav,わかるよ。だってね、まゆしいは毎日おかリンのこと見てるもん。,ja,7.219,gentle,,3,5,True,情感真挚自然，句式完整无上下文依赖，时长在理想区间内，极适合作为参考。,
MAY_1098,data/raw/wav/MAY_1098.wav,それにね昨日も外でクリスちゃんとずっと話し込んでたでしょ。,ja,7.456,teasing,neutral,2,4,True,句子完整，时长在理想区间，语气偏向日常调侃与陈述，适合作为参考。,
MAY_1099,data/raw/wav/MAY_1099.wav,悩みがあるならマユシも聞くよ。,ja,4.128,gentle,,3,5,True,文本完整且充满关怀，时长适中，情绪明确，非常适合作为参考音频。,
MAY_1101,data/raw/wav/MAY_1101.wav,お、おカリ?,ja,1.84,embarrassed,excited,3,2,False,时长不足2秒，且为结巴口误表达，信息不完整，不适合作为标准参考。,
MAY_1102,data/raw/wav/MAY_1102.wav,お帰り。,ja,1.76,gentle,,2,2,False,时长明显偏短，仅为简短问候，缺乏足够的情绪与语音特征供模型学习。,
MAY_1103,data/raw/wav/MAY_1103.wav,どこ行くのマユシの話はねまだ終わってないよ。,ja,6.048,teasing,serious,3,4,True,句子完整，时长合适，带有挽留与轻微撒娇语气，情绪明确且连贯。,
MAY_1104,data/raw/wav/MAY_1104.wav,本当謝りに行くのだったらマユシも。,ja,4.72,neutral,,2,2,False,文本为条件句后半段，依赖上下文，语义不完整。,
MAY_1105,data/raw/wav/MAY_1105.wav,"ああオカリ,どうだった?",ja,3.312,gentle,,2,4,True,日常询问语气自然，句子结构完整，时长适宜。,
MAY_1106,data/raw/wav/MAY_1106.wav,ちゃんとルカちゃんに謝ってきたかな。,ja,3.392,worried,,3,4,True,表达关切与轻微担忧，独立成句，适合参考。,
MAY_1107,data/raw/wav/MAY_1107.wav,おや。,ja,1.136,other,,2,1,False,时长不足2秒且仅为单字感叹词，信息量过低。,
MAY_1108,data/raw/wav/MAY_1108.wav,ああオカリナ壊れちゃった。,ja,4.256,sad,,3,4,True,陈述事实带惋惜情绪，语义完整清晰，时长标准。,
MAY_1109,data/raw/wav/MAY_1109.wav,何してるの。,ja,2.208,neutral,,2,4,True,句子完整，时长在理想区间内，情绪为日常询问，适合作为单句参考。,
MAY_1110,data/raw/wav/MAY_1110.wav,占領?,ja,1.136,other,,2,2,False,时长明显过短且为单字疑问，上下文依赖强，信息不完整，不适合作为独立参考。,
MAY_1111,data/raw/wav/MAY_1111.wav,オカリあいた。,ja,3.808,happy,,3,4,True,时长适中，表达完整，带有角色特有的亲昵与开心情绪，适合参考。,
MAY_1112,data/raw/wav/MAY_1112.wav,あのねマユシはオカリにがっかりなのです。,ja,5.616,sad,,3,5,True,句子完整且情绪明确（失望/难过），时长理想，非常适合作为参考音频。,
MAY_1113,data/raw/wav/MAY_1113.wav,オカリんてばルカちゃんを泣かせたでしょう。,ja,4.0,serious,worried,3,4,True,句子完整，带有责备与担忧语气，时长合适，适合作为参考。,
MAY_1114,data/raw/wav/MAY_1114.wav,ルカちゃんに相談されたんだよ。男だったって言われたって。,ja,5.589,neutral,serious,2,4,True,文本为完整叙述句，语气偏向日常告知，时长合适。,
MAY_1115,data/raw/wav/MAY_1115.wav,オカリなんでそんなひどいこと言ったの。,ja,4.128,worried,sad,3,4,True,完整疑问句，带有明显关切与责备情绪，时长适中。,
MAY_1117,data/raw/wav/MAY_1117.wav,クリスちゃん寝てるの?徹夜なんだから起こさないほうがいいよ。,ja,6.624,gentle,,2,5,True,语气关切体贴，句子完整独立，时长理想，非常适合参考。,
MAY_1118,data/raw/wav/MAY_1118.wav,クリスチャントゥトゥル。,ja,2.464,other,,2,2,False,文本过短且为特定称呼加拟声词，缺乏完整语境，情绪指向不明。,可能为角色专属口头禅
MAY_1119,data/raw/wav/MAY_1119.wav,ああ、テッテルー、おかえりー。,ja,3.536,happy,gentle,3,4,True,日常欢迎问候句，情绪明朗自然，时长合适。,
MAY_1120,data/raw/wav/MAY_1120.wav,るかちゃんとのデートはどうだった。,ja,2.928,neutral,,2,4,True,句子完整独立，时长适中，语气为日常询问，适合作为参考。,
MAY_1121,data/raw/wav/MAY_1121.wav,ねえねえ、明後日のコミマ、ルカちゃんとオカリんでコスプレカップルとして出てみようって思ったりしないかな?,ja,9.792,excited,,4,2,False,时长明显超出建议区间，句子较长且信息密集，不适合作为单句短参考。,
MAY_1122,data/raw/wav/MAY_1122.wav,おかりんからもね、彼氏としてルカちゃんを説得してほしいな。,ja,6.592,gentle,,3,4,True,文本完整，时长在理想区间内，语气温和带有请求感，情绪明确。,
MAY_1123,data/raw/wav/MAY_1123.wav,マユシーがどれだけお願いしてもね、ちっともオーケーしてくれないんだよ。コスプレ。,ja,7.92,sad,,3,3,False,句末单独补充名词略显残句感，上下文依赖较强，降低参考适配度。,
MAY_1124,data/raw/wav/MAY_1124.wav,でもラブラブなオカリんからお願いされたらね、きっとコロッてオッケーすると思うんだ。,ja,8.48,teasing,,4,3,False,时长略超8秒上限，虽情绪调侃明确，但作为标准参考音频稍显冗长。,
MAY_1125,data/raw/wav/MAY_1125.wav,ええなんで。,ja,2.528,neutral,,2,3,False,文本较短且偏向日常随口疑问，情绪不够鲜明，独立参考价值一般。,
MAY_1126,data/raw/wav/MAY_1126.wav,おかえり。そんなこと言うとね、ルカちゃんが悲しむよ。,ja,6.416,gentle,worried,3,5,True,句式完整独立，语气温柔且带有明确关切，时长处于最佳区间。,
MAY_1127,data/raw/wav/MAY_1127.wav,好きな人と一緒にいるだけでね、女の子は幸せなんだよ。満足なんだよ。,ja,9.664,happy,gentle,3,3,False,情感表达完整清晰，但时长略超8秒建议上限，需注意节奏。,
MAY_1128,data/raw/wav/MAY_1128.wav,男の子はそうじゃないのかな。,ja,3.984,neutral,,2,3,False,为承接上文的推测性疑问，情绪平淡且语境依赖较强。,
MAY_1129,data/raw/wav/MAY_1129.wav,だとしたらマユシイは寂しいです。,ja,4.304,sad,,3,4,True,情感指向明确（寂寞/失落），句式完整，时长适中，适合单句参考。,
MAY_1130,data/raw/wav/MAY_1130.wav,ねえねえルカちゃんはいつから岡林のことを好きだったのかな。,ja,6.16,teasing,,3,4,True,文本完整，带有好奇与轻微调侃语气，时长适中，适合作为参考。,
MAY_1131,data/raw/wav/MAY_1131.wav,トゥトゥルールー おかえりルカちゃん。,ja,4.896,happy,,3,4,True,语气欢快活泼，包含拟声词与欢迎语，时长合适，适合参考。,
MAY_1132,data/raw/wav/MAY_1132.wav,コミマにようこそ、だかちゃん。,ja,2.656,gentle,,2,4,True,标准欢迎语，情绪平稳友好，时长适中，适合作为参考。,
MAY_1133,data/raw/wav/MAY_1133.wav,ゆっくりしていってね。,ja,1.696,gentle,,2,2,False,文本完整但时长过短（不足2秒），不利于提取稳定声学特征。,
MAY_1134,data/raw/wav/MAY_1134.wav,あのねダルくんはグッズを手に入れるために並んでる最中だから抜け出せないんだって。,ja,7.824,neutral,,2,4,True,句子完整且信息明确，语气偏日常叙述，时长接近上限但仍合适，适合作为参考。,
MAY_1135,data/raw/wav/MAY_1135.wav,一式り線リヒンをゲットしたら合流するかもって言ってたよ。,ja,5.6,neutral,,2,4,True,文本完整独立，时长适中，语气自然平稳。,日常交流陈述句
MAY_1136,data/raw/wav/MAY_1136.wav,今日はまゆしいが会場を案内してあげるよ。って言ってもね、人が多いから邪魔にならないようにしなくちゃ。,ja,11.2,gentle,worried,2,2,False,时长明显超标且包含两层转折语义，不适合作为单句参考。,复合长句
MAY_1137,data/raw/wav/MAY_1137.wav,まずはコスプレ会場に行って、それから中に入ろうかな。,ja,6.213,neutral,,2,4,True,文本完整，时长在理想区间内，语气平稳清晰。,行程规划发言
MAY_1138,data/raw/wav/MAY_1138.wav,ねえねえ二人とも何が見たい?,ja,3.168,happy,excited,3,5,True,短句情绪明确，互动感强，时长完美适合单句参考。,典型互动提问
MAY_1139,data/raw/wav/MAY_1139.wav,ねえねえルカちゃん、コスプレ会場に行ったらね、絶対にコスプレに対する考え方が変わるよ。,ja,8.656,excited,happy,4,3,False,情绪饱满且语义完整，但时长略超建议上限，酌情降分。,热情推荐语气
MAY_1140,data/raw/wav/MAY_1140.wav,恥ずかしいとかそういうのはちっともなくてね、みんなとっても楽しそうなんだから。,ja,7.68,gentle,happy,2,5,True,文本完整独立，语气安抚积极，时长在理想区间内。,
MAY_1141,data/raw/wav/MAY_1141.wav,マユシのコスを着てくれてるレイヤーさん、カエデちゃんとフブキちゃんっていうんだけど、二人のことも紹介するね。,ja,9.168,neutral,,1,3,False,时长超出建议上限，偏向活动介绍与旁白，情绪较平淡。,
MAY_1142,data/raw/wav/MAY_1142.wav,でね、できれば明日も来てほしいなあ。そしたらね、ほかりんとるかちゃんの分のコスも用意しておくから。,ja,9.632,gentle,happy,3,3,False,时长偏长，含较多口语化连接词，语境依赖较强。,
MAY_1143,data/raw/wav/MAY_1143.wav,オカリニにはね、コードジアスのゼロサムサマコスが似合うと思うんだ。,ja,7.392,gentle,,2,4,True,表达明确建议，句子完整，时长合适，情绪稳定。,
MAY_1144,data/raw/wav/MAY_1144.wav,オカリんが一緒ならねルカちゃんも安心してコスプレできるでしょ。,ja,5.248,gentle,,2,5,True,句式完整，安抚与鼓励语气清晰，时长完美契合标准。,
MAY_1145,data/raw/wav/MAY_1145.wav,どうかなあ。いいアイデアだってマユシイ的には思うんだ。,ja,6.32,gentle,,2,4,True,句子完整，语气自然温和，时长合适，适合作为参考。,
MAY_1145_2,data/raw/wav/MAY_1145_2.wav,えー、そんな。,ja,3.408,other,,2,2,False,文本过短且高度依赖上下文，情绪指向不明确，不适合作为独立参考。,常见于对话衔接句
MAY_1146,data/raw/wav/MAY_1146.wav,ああアオカリンごめんね起こしちゃったかな。,ja,5.12,worried,,3,4,True,句子完整，带有明确的歉意与关切情绪，时长适中。,
MAY_1147,data/raw/wav/MAY_1147.wav,あのねマユシイはコスを取りに来たのです。,ja,4.384,neutral,,2,4,True,陈述句结构完整，语气平稳，适合提取基础音色与语速参考。,
MAY_1148,data/raw/wav/MAY_1148.wav,それとついでに朝ごはん。,ja,4.4,neutral,,1,2,False,属于补充说明的残句，依赖前文语境，独立参考价值较低。,
MAY_1149,data/raw/wav/MAY_1149.wav,うん、誰かはね、自発でもう行っちゃったみたいだよ。,ja,5.216,neutral,,2,4,True,句子完整，时长适中，语气自然平和，适合作为中性参考。,
MAY_1150,data/raw/wav/MAY_1150.wav,ねえねえおかえり昨日ルカちゃんとどこ行ってきたの?,ja,5.408,happy,,3,4,True,语气活泼好奇，句子完整且时长合适，适合表现轻快情绪。,
MAY_1151,data/raw/wav/MAY_1151.wav,楽しいデートはできたかなあのね昨日からルカちゃんメールに返事してくれないんだ。,ja,8.704,worried,,3,3,False,时长略超上限，前后情绪有转折，但仍具参考价值。,包含两个分句，情绪从期待转为担忧。
MAY_1152,data/raw/wav/MAY_1152.wav,うんマユシはちょっと心配なのです。,ja,4.208,worried,,3,5,True,明确表达担忧情绪，时长完美，句子独立完整，极适合作为参考。,
MAY_1153,data/raw/wav/MAY_1153.wav,もしかしてまたルカちゃんのこと泣かせちゃったの?そうだとしたらね、マユシェは悲しいよ。,ja,10.896,sad,,4,2,False,时长明显过长，且为复合句，情绪跨度较大，不适合作为单句参考。,包含假设与直接情感表达，更适合长对话片段。
MAY_1154,data/raw/wav/MAY_1154.wav,悲しいだってねルカちゃんはマユシーのお友達だもん。,ja,6.4,sad,gentle,3,4,True,文本完整，情感明确（带安慰性质的悲伤），时长合适。,
MAY_1155,data/raw/wav/MAY_1155.wav,うん、いるけど、どうして?,ja,3.344,neutral,,2,2,False,短句且强依赖上下文，情绪平淡，不适合作独立参考。,
MAY_1156,data/raw/wav/MAY_1156.wav,本当?もちろんいいよ。,ja,3.296,gentle,happy,3,4,True,句子独立完整，语气温和肯定，时长适中。,
MAY_1157,data/raw/wav/MAY_1157.wav,ああ結局ね説得はできなかったよ。,ja,5.488,serious,sad,3,4,True,陈述完整，带有轻微无奈与严肃感，适合参考。,
MAY_1158,data/raw/wav/MAY_1158.wav,嫌がってるのに無理やり着せたりしてねトラウマになっちゃったら良くないもん。,ja,6.576,worried,serious,4,5,True,表达明确的担忧与劝诫，语义完整，时长理想。,
MAY_1159,data/raw/wav/MAY_1159.wav,でもね、ルカちゃんにコミマに来てもらうっていうのはいいアイデアかも。,ja,6.704,gentle,,2,4,True,句子完整，语气温和提议，时长适中。,
MAY_1160,data/raw/wav/MAY_1160.wav,そこで雰囲気を見てもらったらルカちゃんもやってみようかなって思うようになるかな。,ja,8.0,gentle,,2,3,True,句子完整但偏长，语气为温和推测，时长处于建议区间上限。,语速可能较慢，需注意自然断句。
MAY_1161,data/raw/wav/MAY_1161.wav,そしたら次の冬のコミマでいいからコスプレしてくれないかな。,ja,6.448,gentle,,3,4,True,完整请求句，语气期待且温和，时长合适。,
MAY_1162,data/raw/wav/MAY_1162.wav,そうなってくれるといいな。,ja,2.491,gentle,,2,4,True,简短完整，表达明确期待，适合单句参考。,
MAY_1163,data/raw/wav/MAY_1163.wav,ねえねえ、本当に今日ルカちゃんを連れてきてくれる?,ja,4.96,excited,happy,3,5,True,语气活泼期待，疑问句独立完整，时长极佳。,
MAY_1164,data/raw/wav/MAY_1164.wav,オカリもマユシの作ったコス見に来てくれる?,ja,5.648,gentle,happy,2,4,True,文本为完整邀请句，语气柔和期待，时长适中。,
MAY_1165,data/raw/wav/MAY_1165.wav,そっかー。本当に二人に来てもらえるならね、とっても嬉しいよ。,ja,7.76,happy,,4,5,True,情绪表达直接且强烈，句子完整独立，时长在理想区间内。,
MAY_1166,data/raw/wav/MAY_1166.wav,んじゃ、もう行かなきゃ。,ja,2.64,neutral,,2,3,True,日常告别用语，语义完整，时长合适，情绪平稳。,
MAY_1167,data/raw/wav/MAY_1167.wav,どこで待ち合わせるかはマユシーがメールするね。,ja,3.936,neutral,,1,4,True,陈述句，信息明确完整，时长适中，适合作为中性语气参考。,
MAY_1168,data/raw/wav/MAY_1168.wav,絶対来てね。ずっと待ってるからね。今日だけじゃなくて明日も来たいって思うように頑張って案内するから。,ja,11.088,excited,happy,4,2,False,文本较长且包含多个分句，时长超出理想区间，不适合作为单句参考。,建议拆分后使用
MAY_1169,data/raw/wav/MAY_1169.wav,オカリ?どうかした?,ja,3.04,worried,,2,4,True,文本完整表达关切，时长适中，情绪指向明确。,含特定昵称，需注意角色关系语境。
MAY_1170,data/raw/wav/MAY_1170.wav,うん、待ってるね。,ja,2.256,gentle,,2,4,True,语气温和肯定，句子独立完整，时长符合标准。,
MAY_1171,data/raw/wav/MAY_1171.wav,マユシイだったらいつでも何でも相談に乗るからね。,ja,6.288,gentle,,3,5,True,情感温暖且坚定，语义完整，时长非常适合做参考。,角色自称，适合温柔陪伴系音色参考。
MAY_1172,data/raw/wav/MAY_1172.wav,じゃあ行ってきます。,ja,3.728,neutral,,1,4,True,日常标准告别语，结构完整，时长标准，情绪平稳。,适合作为中性基准参考。
MAY_1173,data/raw/wav/MAY_1173.wav,オカリ。,ja,1.168,neutral,,1,2,False,时长明显过短且仅为称呼，缺乏完整语义与明确情绪。,上下文依赖强，不适合作为独立参考句。
MAY_1174,data/raw/wav/MAY_1174.wav,来てくれたんだ。でもちょっと遅いよ。,ja,5.627,gentle,teasing,2,4,True,文本完整独立，时长适中，带有轻微嗔怪与安心感。,
MAY_1175,data/raw/wav/MAY_1175.wav,マユシはずっと待ってたのに。,ja,3.989,sad,gentle,2,4,True,句子完整，时长合适，表达轻微委屈与撒娇情绪。,
MAY_1176,data/raw/wav/MAY_1176.wav,すごく寂しかったのです。,ja,2.581,sad,,3,5,True,情绪明确（寂寞/悲伤），语义完整，时长处于理想区间。,
MAY_1177,data/raw/wav/MAY_1177.wav,ルカちゃんは。,ja,1.728,neutral,,1,1,False,残句严重依赖上下文，且时长不足2秒，不适合作为独立参考。,
MAY_1178,data/raw/wav/MAY_1178.wav,また泣かせちゃったの。,ja,2.208,worried,sad,3,4,True,语义完整，表达内疚与担忧，时长符合要求。,
MAY_1179,data/raw/wav/MAY_1179.wav,お帰り。,ja,1.104,gentle,,2,1,False,时长仅1.1秒明显过短，且为日常问候语，独立参考价值低。,
MAY_1180,data/raw/wav/MAY_1180.wav,本当良かった。,ja,3.248,happy,gentle,3,4,True,句子完整，表达欣慰与高兴，情绪明确，时长适中。,
MAY_1181,data/raw/wav/MAY_1181.wav,じゃあオカリナとルカちゃんは別れたりすることもないんだね。,ja,5.589,gentle,happy,3,4,True,语义完整，带有安心与温和语气，时长在理想区间。,
MAY_1182,data/raw/wav/MAY_1182.wav,そっか、これでまゆしいは安心してコミマに集中できるよ。,ja,6.864,gentle,happy,3,4,True,表达安心与支持，句子结构完整，时长合适，适合作为参考。,
MAY_1183,data/raw/wav/MAY_1183.wav,そうだよ三日連続なの。,ja,3.216,happy,excited,3,3,True,语义完整但带有较强对话承接感，情绪偏轻快，时长合适，可作为中等参考。,
MAY_1184,data/raw/wav/MAY_1184.wav,タル君遅いね。,ja,2.416,neutral,,2,4,True,文本完整独立，表达日常等待状态，时长合适。,
MAY_1185,data/raw/wav/MAY_1185.wav,あのねさっき電話したらまだ近くにいるって言ってたよ。,ja,5.792,neutral,,2,4,True,信息传达清晰，句子结构完整，适合日常对话参考。,
MAY_1186,data/raw/wav/MAY_1186.wav,もうちょっと待ってみようよ。,ja,2.768,gentle,,2,4,True,语气委婉耐心，语义完整，时长适中。,
MAY_1187,data/raw/wav/MAY_1187.wav,ねえねえ、なんとかしてルカちゃんにコスプレしてもらえないかな。,ja,6.192,excited,happy,3,5,True,情绪期待感强，句子完整独立，时长理想。,
MAY_1188,data/raw/wav/MAY_1188.wav,うんどうやって説得すればいいんだろうね。,ja,3.392,serious,worried,2,4,True,表达思考与对策探讨，语义完整清晰。,
MAY_1189,data/raw/wav/MAY_1189.wav,ルカちゃんがキラリちゃんのコスプレしたらね、絶対似合うと思うんだ。,ja,6.352,happy,gentle,3,4,True,文本完整，表达明确的赞赏与期待，时长适中。,
MAY_1190,data/raw/wav/MAY_1190.wav,ルカちゃんってね、マユシイがドキドキしちゃうくらい可愛いもん。,ja,5.776,excited,happy,4,5,True,情感饱满明确，表达喜爱与心动，时长理想，适合参考。,
MAY_1191,data/raw/wav/MAY_1191.wav,世界中の人たちにねルカちゃんの可愛さを知ってもらいたいってオカリも思うよね。,ja,8.096,gentle,serious,3,3,False,文本完整，语气真诚温和，时长略超上限但仍在可接受范围。,
MAY_1193,data/raw/wav/MAY_1193.wav,そっか、よかった。,ja,3.68,happy,,2,2,False,句子过短且为常见应答，情绪表现力较弱，不适合作为独立参考。,
MAY_1194,data/raw/wav/MAY_1194.wav,それにねルカちゃんにコスプレしてもらいたい理由はもう一つあるんだよ。,ja,6.976,neutral,,2,2,False,属于承上启下的过渡句，上下文依赖较强，情绪指向不明确。,
MAY_1195,data/raw/wav/MAY_1195.wav,ルカちゃんって普段おとなしいでしょ。あんまり自分の意見も言おうとしないし。,ja,7.664,gentle,,2,4,True,文本完整，时长在理想区间内，语气为温和的日常观察。,
MAY_1196,data/raw/wav/MAY_1196.wav,コスプレするとね、普段の自分とは別の自分になれるんだよ。,ja,5.664,gentle,,2,5,True,句子独立完整，时长理想，情绪明确且适合单句参考。,
MAY_1197,data/raw/wav/MAY_1197.wav,だからね、最初は恥ずかしいかもしれないけど、ルカちゃんも一度やればきっと新しいルカちゃんを見つけられると思うんだ。,ja,10.528,gentle,,3,3,False,文本完整且具鼓励性，但时长超过8秒，不适合作为单句参考。,建议截取使用
MAY_1198,data/raw/wav/MAY_1198.wav,そしたらね、今より積極的な性格になってね、もしかするとオカリナをお尻に敷いちゃうかもしれないよ。えへへ。,ja,11.264,teasing,,4,2,False,时长过长，且包含特定玩笑与笑声，泛化参考价值较低。,情绪偏向调侃
MAY_1200,data/raw/wav/MAY_1200.wav,うん。,ja,1.12,neutral,,1,1,False,文本仅为单字应答，时长过短，缺乏完整语义与情绪特征。,
MAY_1201,data/raw/wav/MAY_1201.wav,ああダーリンくん遅いよ。,ja,3.872,teasing,gentle,2,4,True,文本完整，带有轻微撒娇与调侃语气，时长适中。,
MAY_1202,data/raw/wav/MAY_1202.wav,んじゃ、帰ろっか。,ja,2.373,neutral,,1,4,True,日常口语完整句，语气自然放松，时长合适。,
MAY_1203,data/raw/wav/MAY_1203.wav,風が気持ちよかったよ。,ja,2.24,happy,gentle,2,4,True,表达舒适感受的完整句，情绪温和明确，时长合适。,
MAY_1204,data/raw/wav/MAY_1204.wav,おかり どうかし。,ja,2.224,other,,1,2,False,文本疑似识别错误或语义断裂，缺乏明确情绪与完整语境。,
MAY_1205,data/raw/wav/MAY_1205.wav,うっ、うっ。ああ。,ja,2.8,sad,,3,2,False,纯语气词无实际语义，情绪高度依赖上下文与表演细节，不适合作为独立参考句。,
MAY_1206,data/raw/wav/MAY_1206.wav,ルカちゃんがキラリちゃんのコスプレしたらね、絶対似合うと思うんだ。,ja,6.352,happy,,3,5,True,文本完整独立，语气积极肯定，时长适中，非常适合作为参考。,
MAY_1207,data/raw/wav/MAY_1207.wav,ルカちゃんってね、マユシがドキドキしちゃうぐらい可愛いもん。,ja,5.28,happy,,4,5,True,情感表达明确饱满，带有喜爱与兴奋感，句子完整且时长理想。,
MAY_1208,data/raw/wav/MAY_1208.wav,ルカちゃんって普段おとなしいでしょ。あんまり自分の意見も言おうとしないし。,ja,7.36,serious,,2,4,True,陈述语气完整清晰，情绪平稳偏认真，时长符合要求。,
MAY_1209,data/raw/wav/MAY_1209.wav,コスプレするとね、普段の自分とは別の自分になれるんだよ。,ja,5.712,gentle,,2,5,True,句子独立完整，语气温和具解释性，时长适中。,
MAY_1210,data/raw/wav/MAY_1210.wav,だからね最初は恥ずかしいかもしれないけどルカちゃんも一度やればきっと新しいルカちゃんを見つけられると思うんだ。,ja,10.672,gentle,,3,3,False,句子偏长且时长超过8秒，作为单句参考音频不够精炼，建议拆分。,
MAY_1211,data/raw/wav/MAY_1211.wav,そしたらね、今より積極的な性格になってね、もしかするとオカリを尻にしちゃうかもしれないよ。えへへ。,ja,11.232,teasing,happy,3,2,False,时长超出推荐区间，且包含较多上下文铺垫，不适合作为单句参考。,
MAY_1212,data/raw/wav/MAY_1212.wav,あーお腹いっぱい。まゆしーは今日はほとんど何も食べてなかったから、ずっとペコペコだったんだよ。,ja,11.376,gentle,,2,2,False,时长过长，属日常状态描述，情绪较弱，参考优先级低。,
MAY_1213,data/raw/wav/MAY_1213.wav,うん明日だけじゃなくて明後日もあるの。,ja,4.736,neutral,,2,4,True,时长在理想区间，语义完整独立，语气平稳清晰。,
MAY_1214,data/raw/wav/MAY_1214.wav,さてさて、まゆしいは明日早いからもう帰るね。,ja,6.224,gentle,,2,4,True,时长合适，句子完整，告别语气自然明确，适合参考。,
MAY_1215,data/raw/wav/MAY_1215.wav,ねえねえクリスチャンやオカリナはコミマ行かないの?,ja,4.96,excited,happy,3,4,True,时长适中，疑问句完整，带有明显的好奇与期待情绪。,
MAY_1216,data/raw/wav/MAY_1216.wav,いこうよクリスチャン。,ja,3.488,happy,,2,4,True,句子完整，语气轻松自然，时长合适。,
MAY_1218,data/raw/wav/MAY_1218.wav,違うよ。まゆしいはね、おかりんの人質。,ja,4.96,serious,,3,4,True,陈述句完整，语气明确，时长适中。,
MAY_1219,data/raw/wav/MAY_1219.wav,なになに話ってなに?,ja,3.184,excited,,3,4,True,疑问句完整，带有好奇与急切感，时长合适。,
MAY_1220,data/raw/wav/MAY_1220.wav,あのね最近オカリとクリスちゃん仲良しちゃんだよねいつも二人で話しこんでるもん。,ja,8.592,teasing,,3,3,False,句子偏长且略带口语化连读，时长略超建议区间，但仍具参考价值。,时长8.59秒略长
MAY_1221,data/raw/wav/MAY_1221.wav,マユシーも秘密の会議に参加したい気持ちでいっぱいです。,ja,5.824,excited,,4,5,True,情感表达明确完整，句式标准，时长极佳。,
MAY_1222,data/raw/wav/MAY_1222.wav,あうんわかったありがとうねオカリ。,ja,4.704,gentle,,2,4,True,文本完整，表达感谢与回应，情绪温和明确，时长合适。,语气词自然，适合日常对话参考。
MAY_1223,data/raw/wav/MAY_1223.wav,やっと帰ってこられた。,ja,4.816,happy,,2,4,True,句子完整，带有如释重负或欣慰的情绪，时长适中。,适合表达安心或归来的场景。
MAY_1224,data/raw/wav/MAY_1224.wav,ううんあのねラボに行こうと思ってたんだよ。,ja,5.728,neutral,,2,4,True,文本完整，为日常解释性对话，情绪平稳自然，时长合适。,带有轻微犹豫语气词，适合日常交流参考。
MAY_1225,data/raw/wav/MAY_1225.wav,特にないけどね。お帰りんと一緒に久々にのんびりしたいなあって。,ja,7.088,gentle,,3,5,True,情感表达细腻完整，带有期待与温和语气，时长在理想区间内。,适合温柔陪伴类语音参考。
MAY_1226,data/raw/wav/MAY_1226.wav,ちょっとお腹が空いたからね途中でジューシー唐揚げナンバーワンを買うの。,ja,6.432,happy,,2,4,True,句子完整，表达日常需求与轻微期待，情绪明确，时长合适。,专有名词较多，发音清晰即可作为参考。
MAY_1227,data/raw/wav/MAY_1227.wav,ねえねえオカリ今日はねどうしてマユシに付いてきてくれたの?,ja,7.92,gentle,teasing,3,5,True,句子完整，语气亲昵自然，时长在理想区间内，情绪明确。,
MAY_1228,data/raw/wav/MAY_1228.wav,これまでは一度もコミマに一緒に行ったことないよね。オカリは燃えには興味ないもんね。,ja,8.864,neutral,,2,3,False,陈述句完整，语气平稳，时长略超建议上限但仍具参考价值。,
MAY_1229,data/raw/wav/MAY_1229.wav,んでどうして今日は付き合ってくれたの?,ja,5.248,gentle,,3,5,True,疑问句完整独立，语气自然，时长理想，适合作为单句参考。,
MAY_1230,data/raw/wav/MAY_1230.wav,それは。,ja,1.232,neutral,,2,2,False,文本为明显残句，时长过短，高度依赖上下文。,
MAY_1231,data/raw/wav/MAY_1231.wav,そっか。,ja,1.819,neutral,,2,3,False,时长略低于建议区间，情绪表达较平淡，独立参考价值有限。,
MAY_1233,data/raw/wav/MAY_1233.wav,ああうんルカくん絶対大人気になっちゃうのにね。,ja,6.336,gentle,,2,5,True,文本完整独立，语气自然温和，时长在理想区间内。,
MAY_1234,data/raw/wav/MAY_1234.wav,いろんなブログに画像アップされまくってね、新聞社のニュースサイトにも載って、海外にも紹介されちゃったりするよ。,ja,10.144,excited,,3,3,False,句子为长段叙述，时长超出8秒上限，不适合作为单句参考。,
MAY_1236,data/raw/wav/MAY_1236.wav,ねえ、オカリ。,ja,2.288,neutral,,1,2,False,文本过短且仅为称呼，缺乏完整语义与情绪表达。,
MAY_1237,data/raw/wav/MAY_1237.wav,今日はね、ありがとう。,ja,2.896,gentle,,2,4,True,表达感谢，情感明确独立，时长适中，适合单句参考。,
MAY_1238,data/raw/wav/MAY_1238.wav,だってね、さっきも言ったけど、オカリナと一緒にコミマ来たの初めてだもん。,ja,9.104,happy,,2,3,False,包含口语化连接词且时长偏长，依赖上下文，不适合独立参考。,
MAY_1239,data/raw/wav/MAY_1239.wav,マユシは結構嬉しかったよ。,ja,3.52,happy,,3,5,True,文本完整独立，明确表达开心情绪，时长适中。,
MAY_1240,data/raw/wav/MAY_1240.wav,ああでもね次はオカリもコスプレしてくれるともっと嬉しいかも。,ja,7.648,happy,gentle,3,4,True,情绪为开心与期待，句子完整但偏口语化，时长接近上限。,含较多语气词，需注意语气连贯性
MAY_1241,data/raw/wav/MAY_1241.wav,えっいいの本当に。,ja,3.328,excited,happy,3,4,True,表达惊喜与确认，情绪明确，时长合适。,
MAY_1242,data/raw/wav/MAY_1242.wav,そっかー道は険しいね。,ja,3.936,serious,neutral,2,4,True,语气认真感慨，句子独立完整，时长适中。,
MAY_1243,data/raw/wav/MAY_1243.wav,でもね今ちょっと想像してみたらとっても楽しそう。,ja,6.176,happy,excited,4,5,True,情绪积极明确，表达期待与开心，文本完整且时长理想。,
MAY_1244,data/raw/wav/MAY_1244.wav,それにクリスチャンはコスプレに興味津々みたいだったし、脈あるかも。,ja,7.136,teasing,happy,2,4,True,句子完整，时长合适，带有轻微的八卦与期待情绪，适合作为参考。,
MAY_1245,data/raw/wav/MAY_1245.wav,まゆし頑張ってみるね。,ja,3.056,gentle,,3,5,True,句子完整，时长适中，情绪积极明确，非常适合作为单句参考。,
MAY_1246,data/raw/wav/MAY_1246.wav,お帰り。,ja,1.184,neutral,,1,2,False,时长过短，信息量不足，不适合作为单句参考。,
MAY_1247,data/raw/wav/MAY_1247.wav,こっかり。,ja,1.008,other,,1,1,False,时长极短且语义不明，缺乏完整情绪表达。,
MAY_1248,data/raw/wav/MAY_1248.wav,やっとマユシはオカリナ。,ja,9.2,happy,,3,2,False,时长超出建议区间，且文本略显突兀，可能包含较多停顿。,
MAY_1249,data/raw/wav/MAY_1249.wav,役に立てたよ。,ja,4.448,gentle,,2,4,True,句子完整，时长适中，语气温和自然，适合作为参考。,
MAY_1252,data/raw/wav/MAY_1252.wav,あのねダルくんから聞いたんだオカリナがなんだか変だったって。,ja,7.728,worried,,3,4,True,信息完整，带有轻微担忧语气，时长合适，适合参考。,口语化表达自然。
MAY_1253,data/raw/wav/MAY_1253.wav,マヨシエはコミマに夢中になってて、オカリナのことよく見ててあげられなかったね。,ja,7.952,gentle,,2,4,True,句子结构完整，语气平和带歉意，时长在合理范围内。,偏叙述性，但情绪明确。
MAY_1254,data/raw/wav/MAY_1254.wav,いつもなら岡林が元気なかったらすぐに気づくのに。,ja,5.424,worried,,3,4,True,表达自责与担忧，语义完整，时长标准，适合作为情绪参考。,带有轻微遗憾色彩。
MAY_1255,data/raw/wav/MAY_1255.wav,ごめんね。,ja,1.12,sad,,2,2,False,时长过短，缺乏上下文支撑，不适合作为独立参考音频。,仅适合极短提示音。
MAY_1256,data/raw/wav/MAY_1256.wav,でね、何かあったの?,ja,2.864,worried,gentle,2,4,True,文本为完整疑问句，带有明显关切语气，时长在理想区间内。,
MAY_1258,data/raw/wav/MAY_1258.wav,あ。,ja,1.184,neutral,,1,1,False,仅为单字感叹，时长过短且缺乏完整语义与情绪指向。,
MAY_1259,data/raw/wav/MAY_1259.wav,そっか。,ja,2.064,neutral,,1,3,True,常见回应短句，情绪平稳，时长达标，适合基础语气参考。,
MAY_1260,data/raw/wav/MAY_1260.wav,あのね、前はよくマユシーにいろんな話してくれたよね。,ja,6.848,gentle,sad,2,5,True,句子完整且带有温和倾诉与回忆感，时长适中，极适合作为参考。,
MAY_1262,data/raw/wav/MAY_1262.wav,そうそうそれ。,ja,2.176,happy,,2,3,True,口语化肯定回应，情绪明确但略有上下文依赖，时长合适。,
MAY_1263,data/raw/wav/MAY_1263.wav,そういうね、おかりんのお話、とっても面白かったな。,ja,5.776,gentle,,2,5,True,句子完整独立，情绪温和明确，时长在理想区间内。,
MAY_1264,data/raw/wav/MAY_1264.wav,でも。,ja,1.104,neutral,,1,1,False,仅为转折连词，文本残缺且时长过短，无法独立表达情绪。,时长不足2秒
MAY_1266,data/raw/wav/MAY_1266.wav,えへへじゃあとりあえず切るねもしマユシーにいろいろお話ししたいなって思ったらいつでも電話してくれていいからね。,ja,11.227,happy,,3,2,False,时长严重超标，包含多个意群与语气词，不适合作为单句参考。,建议拆分处理
MAY_1267,data/raw/wav/MAY_1267.wav,じゃあ、トゥトゥルー。,ja,1.973,happy,,3,2,False,文本过短且以拟声词为主，情绪表达不够完整，时长略低于下限。,时长略低于2秒
MAY_1268,data/raw/wav/MAY_1268.wav,ねえおばあちゃん。,ja,2.336,neutral,,1,2,False,仅为呼唤语，缺乏完整语义与明确情绪，上下文依赖强。,
MAY_1269,data/raw/wav/MAY_1269.wav,最近ね、怖い夢をよく見るんだ。,ja,4.592,worried,,2,4,True,文本完整，表达轻微担忧，时长适中，适合作为参考。,
MAY_1270,data/raw/wav/MAY_1270.wav,その夢の中ではね、いつもマユシはひどい目に遭うの。,ja,6.048,worried,,2,4,True,句子完整，情绪偏向担忧与关切，时长合适。,
MAY_1271,data/raw/wav/MAY_1271.wav,ピストルでバーンって撃たれたり車の事故に巻き込まれたり電車に轢かれたり。,ja,8.672,serious,,3,2,False,句式为列举残句，时长略超上限，上下文依赖强。,
MAY_1273,data/raw/wav/MAY_1273.wav,どうしてそんな夢見るのかな。,ja,3.488,worried,,2,4,True,疑问句结构完整，情绪明确，时长理想。,
MAY_1274,data/raw/wav/MAY_1274.wav,でね、その夢の最後はいつも決まってるの。,ja,5.84,serious,,2,3,True,文本完整但含口语衔接词，略有上下文依赖，时长合适。,
MAY_1275,data/raw/wav/MAY_1275.wav,まゆしいが泣いてるとね、おかリンが助けに来てくれるんだ。,ja,5.424,gentle,,2,4,True,文本完整，时长适中，语气温和安抚，适合作为参考。,描述回忆或梦境中的安慰场景。
MAY_1276,data/raw/wav/MAY_1276.wav,マユシイはオカリにありがとうありがとうって言うんだけど、その声もオカリには聞こえてなくて。,ja,10.032,sad,,3,2,False,时长超过8秒，且句末为接续形式，语义依赖上下文，不适合独立参考。,偏叙述性，带有遗憾色彩。
MAY_1279,data/raw/wav/MAY_1279.wav,そこでいつも目が覚めるんだ。,ja,4.4,neutral,,2,3,True,句子完整且时长合适，但偏叙述性，情绪较平淡，可作为基础参考。,承接上文梦境的收尾句。
MAY_1280,data/raw/wav/MAY_1280.wav,どうしてこんな夢見るのかな。,ja,3.952,worried,,2,4,True,疑问句完整，时长适中，带有轻微困惑与自省，情绪明确。,适合用于表现角色内心独白。
MAY_1281,data/raw/wav/MAY_1281.wav,ああそうそうあのね最近ラブ面がすごく増えたんだよ。,ja,7.232,happy,,3,4,True,口语表达完整自然，时长在理想区间，情绪轻松愉快，适合参考。,语气偏日常闲聊，带有分享欲。
MAY_1282,data/raw/wav/MAY_1282.wav,クリスちゃんでしょ。萌香さん、ルカくん、ペリスちゃん、それと、もう引っ越しちゃっていないけど、鈴さん。,ja,11.6,neutral,,1,2,False,时长明显超出建议范围，且为人名罗列，缺乏独立情绪表达。,
MAY_1283,data/raw/wav/MAY_1283.wav,八人だよすごいね。,ja,3.312,happy,,3,4,True,时长适中，句子完整，带有明确的感叹与喜悦情绪。,
MAY_1284,data/raw/wav/MAY_1284.wav,最初はオカリとマユシの二人だけだったのにね。,ja,5.232,gentle,,2,4,True,时长合适，句式完整，带有温和的回忆语气，适合作为参考。,
MAY_1285,data/raw/wav/MAY_1285.wav,ラボが出来たばっかりの頃はね、オカリナあんまり面白そうじゃなかったけど。,ja,7.104,neutral,,2,3,True,时长接近上限，句末带转折语气，略有上下文依赖，情绪较平淡。,
MAY_1286,data/raw/wav/MAY_1286.wav,最近はね、とっても楽しそうなんだよ。,ja,4.288,happy,,3,4,True,时长适中，表达明确的积极情绪，句式独立完整。,
MAY_1287,data/raw/wav/MAY_1287.wav,そんなオカリを見てるとね、マユシーも嬉しくなってニコニコできるの。,ja,7.504,happy,gentle,3,5,True,文本完整，情绪明确积极，时长在理想区间内。,
MAY_1288,data/raw/wav/MAY_1288.wav,それにね賑やかだとウキウキしてくるし。,ja,4.368,happy,excited,3,4,True,情绪轻快明确，时长合适，虽为补充说明但语义独立完整。,
MAY_1289,data/raw/wav/MAY_1289.wav,特にクリスチャンはね、アメリカの有名な本に論文が載ったりして、とっても頭がいいんだよ。,ja,9.52,gentle,serious,2,3,False,文本完整但时长略超上限，情绪偏温和叙述，参考性中等。,
MAY_1290,data/raw/wav/MAY_1290.wav,マユシは憧れちゃうのです。,ja,2.88,gentle,,3,4,True,句子简短完整，情感倾向明确，时长适中。,
MAY_1291,data/raw/wav/MAY_1291.wav,タイムマシンだって作っちゃうぐらいなんだから。あ、これはオカリとダルくんも一緒に作ってたけどね。,ja,9.072,excited,neutral,3,2,False,时长过长且包含语气转折与补充说明，上下文依赖较强，不适合作单句参考。,
MAY_1292,data/raw/wav/MAY_1292.wav,でもねたまに思うんだ。,ja,3.52,neutral,,2,4,True,文本完整独立，时长适中，语气自然平和，适合作为中性参考。,偏口语化日常表达
MAY_1293,data/raw/wav/MAY_1293.wav,最初マユシー が押しかけて。,ja,3.672,neutral,,2,2,False,叙事片段，语义未完结，上下文依赖较强。,适合连贯叙事段落
MAY_1294,data/raw/wav/MAY_1294.wav,ラボに二人きりだったときのこと。,ja,2.872,gentle,,2,2,False,回忆性引子，缺乏独立完整语义，旁白感强。,需结合前后文理解
MAY_1296,data/raw/wav/MAY_1296.wav,マユシイがおかえりって言うとオカリナはただいまとは言わなくてご苦労って偉そうに答えてた。,ja,10.384,teasing,happy,3,2,False,时长明显超出建议区间，句子过长不利于单句参考。,内容完整但偏长
MAY_1297,data/raw/wav/MAY_1297.wav,その後は毎日二時間ぐらい二人でぼんやり過ごして一緒に電車でおうちに帰るの。,ja,9.04,gentle,,2,2,False,时长偏长，属日常叙述，独立参考性较弱。,语速较慢或句子较长
MAY_1298,data/raw/wav/MAY_1298.wav,その二時間はね、会話なんてほとんどなくて。でも、嫌な沈黙とかじゃなくて。,ja,9.032,gentle,neutral,2,3,False,时长略超建议上限，分句较多且偏日常叙述，独立参考性一般。,偏对话感
MAY_1299,data/raw/wav/MAY_1299.wav,ただそこにいるっていう感じで。,ja,3.024,gentle,,1,2,False,句子高度依赖上下文，语义不完整，不适合作为独立参考。,明显为接续语气
MAY_1301,data/raw/wav/MAY_1301.wav,たまに思い出したようにね、一緒にお菓子を食べてた。,ja,5.12,gentle,neutral,2,4,True,时长适中，语义完整，语气温和怀旧，适合单句参考。,无明显缺陷
MAY_1302,data/raw/wav/MAY_1302.wav,とてもゆっくり優しく時間が流れてて。,ja,4.816,gentle,,2,5,True,时长理想，情绪明确且集中，语义完整，非常适合作参考。,文本质量高
MAY_1303,data/raw/wav/MAY_1303.wav,それでもいいかななんて思ったり。,ja,3.536,gentle,neutral,2,3,False,带有轻微上下文依赖，句尾语气偏延续，独立参考性稍弱。,适合接续使用
MAY_1304,data/raw/wav/MAY_1304.wav,まるでマユシは本当に人質になっちゃったみたいだなとかふと思って一人でへへって笑ったり。,ja,10.64,gentle,happy,2,2,False,时长超出建议范围，偏向内心独白叙述，独立参考价值较低。,
MAY_1305,data/raw/wav/MAY_1305.wav,オカリナはニコニコしてるマユシイを見てねこういうの。,ja,5.328,neutral,,1,3,False,文本含指示性表达，依赖上下文或画面，情绪较平淡。,
MAY_1306,data/raw/wav/MAY_1306.wav,うん、あのね、いいことはなかったけど、あったよ。,ja,6.304,gentle,neutral,2,4,True,语句完整自然，语气温和带转折，时长适中，适合单句参考。,
MAY_1307,data/raw/wav/MAY_1307.wav,そっかじゃあ気をつけなきゃでもねきっとそのイリュージョン小沢君っていう人は。,ja,9.376,worried,serious,3,2,False,句子明显未说完（残句），且时长偏长，不适合独立参考。,
MAY_1308,data/raw/wav/MAY_1308.wav,その人はきっと悪い人じゃないと思うな。,ja,4.208,gentle,serious,2,5,True,语义完整，情绪温和肯定，时长理想，非常适合作为参考音频。,
MAY_1309,data/raw/wav/MAY_1309.wav,それはマユシーにはすごく心地よくて。,ja,3.568,gentle,,2,3,False,句尾为接续形式，语义未完全收束，略有上下文依赖。,
MAY_1310,data/raw/wav/MAY_1310.wav,なんだか泣きそうなぐらい嬉しくて。,ja,3.072,happy,sad,4,3,False,情绪强烈但句尾为て形，属于半句，上下文依赖较强。,
MAY_1311,data/raw/wav/MAY_1311.wav,このままずっと続いてほしいなって思ってた。,ja,4.795,gentle,,3,5,True,句子完整独立，情感温和明确，时长适中，极适合作参考。,
MAY_1312,data/raw/wav/MAY_1312.wav,あ今の賑やかさが嫌ってわけじゃないんだよ。,ja,4.565,neutral,,2,4,True,语义完整，语气为解释说明，情绪明确，适合单句参考。,
MAY_1313,data/raw/wav/MAY_1313.wav,最近ね、オカリンと話す時間ちょっと減っちゃった。,ja,6.384,sad,,2,5,True,句子完整，带有轻微失落感，情绪明确，时长合适。,
MAY_1314,data/raw/wav/MAY_1314.wav,だからね、まゆしいは寂しくなっちゃったのかもしれないね。,ja,6.544,sad,gentle,2,4,True,文本完整，表达明确的孤独与伤感，时长在推荐区间内。,
MAY_1315,data/raw/wav/MAY_1315.wav,でもね、おかりんの重荷にはなりたくないんだ。,ja,4.944,serious,worried,3,4,True,语义完整，表达不想成为负担的认真态度，时长合适。,
MAY_1316,data/raw/wav/MAY_1316.wav,マユシイはいつもいつもオカリに迷惑かけてばっかりだから。,ja,7.344,sad,embarrassed,3,4,True,句子完整，带有自责与歉意，时长符合要求。,
MAY_1317,data/raw/wav/MAY_1317.wav,ね、おばあちゃん。,ja,1.904,gentle,,1,2,False,时长不足2秒，仅为简短称呼，缺乏完整情绪与上下文。,
MAY_1318,data/raw/wav/MAY_1318.wav,いつまでもこのままじゃいられないよね。,ja,4.432,worried,serious,3,4,True,表达改变现状的迫切感，语义完整且时长适中。,
MAY_1320,data/raw/wav/MAY_1320.wav,ほかりんだー。,ja,2.469,gentle,,2,4,True,文本表达放松惬意的情绪，时长符合建议区间，适合作为参考。,
MAY_1321,data/raw/wav/MAY_1321.wav,あすごいね。どうしてここにいるってわかったの?,ja,4.373,happy,excited,3,5,True,句子完整，情绪明确（惊喜与好奇），时长理想，非常适合作为参考。,
MAY_1322,data/raw/wav/MAY_1322.wav,人質。,ja,1.68,serious,,3,2,False,仅为单一名词，严重依赖上下文，且时长过短，不适合作为独立参考。,
MAY_1323,data/raw/wav/MAY_1323.wav,そっか。,ja,1.824,neutral,,1,2,False,常见应答短句，情绪平淡且依赖上下文，时长略短，参考性较低。,
MAY_1324,data/raw/wav/MAY_1324.wav,でもね、あんまり無理したらダメだよ。,ja,3.984,worried,gentle,3,5,True,表达关心与担忧，句式完整自然，时长适中，是优质的参考音频。,
MAY_1325,data/raw/wav/MAY_1325.wav,マユシーはね ちょっぴり心配なのです。,ja,4.064,worried,,2,5,True,文本完整，明确表达轻微担忧，时长在理想区间。,
MAY_1326,data/raw/wav/MAY_1326.wav,声。,ja,1.008,neutral,,1,1,False,仅单字，时长过短，缺乏完整语义与情绪指向。,
MAY_1328,data/raw/wav/MAY_1328.wav,オカリ帰ろう。,ja,2.272,gentle,,2,4,True,提议句式完整，语气自然温和，时长合适。,
MAY_1329,data/raw/wav/MAY_1329.wav,もちろんだよ。,ja,2.704,happy,,2,5,True,肯定回答完整，情绪积极明朗，时长适中。,
MAY_1330,data/raw/wav/MAY_1330.wav,誰かいますか。,ja,2.208,serious,,2,4,True,疑问句完整，带有探寻与轻微警觉，时长合适。,
MAY_1331,data/raw/wav/MAY_1331.wav,おかえりな。,ja,1.92,gentle,,2,3,False,文本为完整日常问候，情绪温和明确，但时长略低于建议区间下限。,
MAY_1332,data/raw/wav/MAY_1332.wav,ううんなんとなく来てみたの。,ja,4.752,gentle,,2,4,True,句子完整独立，语气自然随意，时长适中，适合作为参考。,
MAY_1333,data/raw/wav/MAY_1333.wav,最近ね、オカリナと話す時間ちょっと減っちゃった。,ja,6.848,sad,,3,4,True,语义完整，带有轻微遗憾与低落情绪，时长合适，适合参考。,
MAY_1334,data/raw/wav/MAY_1334.wav,でもね、オカリナの重荷にはなりたくないんだ。,ja,5.328,serious,,3,4,True,表达明确的态度与自我约束，情绪稳定清晰，时长理想。,
MAY_1335,data/raw/wav/MAY_1335.wav,もしかしてシャワー浴びてたの?,ja,3.28,teasing,,2,4,True,疑问句结构完整，带有轻微试探语气，时长适中，适合参考。,
MAY_1336,data/raw/wav/MAY_1336.wav,うんおかりシャンプーのいい匂いがするね。,ja,4.416,gentle,,2,4,True,语气轻松自然，句子完整独立，时长适中。,
MAY_1337,data/raw/wav/MAY_1337.wav,今日ね、コミマ行かなかったよ。,ja,5.504,neutral,,2,4,True,日常陈述句，情绪平稳，结构完整，适合基础音色参考。,
MAY_1338,data/raw/wav/MAY_1338.wav,おかりんのこと気になっちゃったのです。,ja,3.888,worried,,3,4,True,明确表达在意与担忧，情感清晰，时长理想。,
MAY_1339,data/raw/wav/MAY_1339.wav,おかりんの辛そうな顔思い出したらね、コミマを楽しんでなんかいられないなって。,ja,7.776,sad,,4,3,True,情感较浓烈且完整，但句式偏长且略带内心独白色彩，参考性稍弱。,
MAY_1340,data/raw/wav/MAY_1340.wav,だから有明まで行ったけど参加せずに帰ってきたの。,ja,6.064,serious,,2,4,True,因果陈述完整，语气认真平稳，时长合适。,
MAY_1341,data/raw/wav/MAY_1341.wav,うん。,ja,1.072,neutral,,1,1,False,文本仅为单字应答，时长不足2秒，缺乏明确情绪与完整语义。,不适合作为独立参考音频。
MAY_1342,data/raw/wav/MAY_1342.wav,最近ね、オカリナと話す時間ちょっと減っちゃった。,ja,7.088,gentle,sad,2,4,True,句子完整，带有轻微遗憾与倾诉感，时长在理想区间。,适合日常温和对话参考。
MAY_1343,data/raw/wav/MAY_1343.wav,だからねマユシイは寂しくなっちゃったのかもしれないね。,ja,6.896,sad,gentle,3,5,True,明确表达寂寞情绪，语义完整独立，时长符合标准。,情绪表达清晰，优质参考候选。
MAY_1344,data/raw/wav/MAY_1344.wav,実はオカリとクリスちゃんは付き合っていますっていうびっくりなこと。,ja,8.48,excited,,4,3,False,情绪偏向惊讶兴奋，但时长略超8秒，且句式偏口语化残句感。,需注意语速与断句处理。
MAY_1345,data/raw/wav/MAY_1345.wav,でもね、オカリナとクリスチャンはとっても仲がいいでしょ?二人はお似合いだと思うな。,ja,7.904,happy,gentle,3,4,True,语义完整积极，包含互动语气，时长符合要求。,适合测试语调起伏与肯定语气。
MAY_1346,data/raw/wav/MAY_1346.wav,ああ、うん。,ja,2.368,neutral,,1,2,False,文本过短且为日常应答，缺乏独立完整的情绪表达。,
MAY_1347,data/raw/wav/MAY_1347.wav,全部話してほしいなんて思ってないよ。,ja,4.592,gentle,neutral,2,4,True,句子完整，语气温和体贴，时长适中，适合作为参考。,
MAY_1348,data/raw/wav/MAY_1348.wav,人質だからね。どっちかっていうと何も教えてもらえないのが普通だもん。,ja,7.616,serious,neutral,2,4,True,语义完整，语气平静理性，时长合适，具备较好的参考性。,
MAY_1350,data/raw/wav/MAY_1350.wav,マユシはオカリの重荷にはなりたくないよ。,ja,5.936,gentle,worried,3,5,True,情感表达明确且完整，语气真诚，时长理想，非常适合作参考。,
MAY_1351,data/raw/wav/MAY_1351.wav,だからオカリナが言ってくれるまで待つの。,ja,4.416,gentle,neutral,2,4,True,句子连贯完整，体现耐心与温和态度，时长适中，适合参考。,
MAY_1352,data/raw/wav/MAY_1352.wav,昨日もそう言ったよ。,ja,1.888,neutral,,2,3,False,时长略低于建议下限，文本完整但情绪较平淡。,
MAY_1353,data/raw/wav/MAY_1353.wav,それはね、とっても気になっちゃうけど、でもしょうがないかな。,ja,7.6,worried,gentle,3,4,True,时长合适，句子完整，带有明显的无奈与关切情绪，适合作为参考。,
MAY_1354,data/raw/wav/MAY_1354.wav,マユシに。,ja,1.296,neutral,,1,1,False,文本为残句，时长过短，缺乏完整语境与明确情绪。,
MAY_1355,data/raw/wav/MAY_1355.wav,そのせいでオカリナ辛い顔してるのかな。,ja,4.608,worried,gentle,3,4,True,时长适中，语义完整，表达对他人的关切与担忧，情绪明确。,
MAY_1356,data/raw/wav/MAY_1356.wav,だったらね、話してほしいな。,ja,3.712,gentle,,3,5,True,时长理想，句式完整，语气温柔且带有明确的请求意味，非常适合作为参考。,
MAY_1357,data/raw/wav/MAY_1357.wav,カリンが辛そうなの見たくないもん。,ja,3.904,worried,,3,5,True,文本完整独立，担忧情绪明确，时长在理想区间内。,
MAY_1359,data/raw/wav/MAY_1359.wav,昨日もさっきも言ったよ。まゆしはおかりんの重荷になりたくないって。,ja,7.952,serious,,3,5,True,语义完整，语气认真坚定，时长符合标准。,
MAY_1360,data/raw/wav/MAY_1360.wav,あのね、マユシイがおばあちゃんのことで苦しかった時、オカリナはマユシイを人質にしてくれたでしょ。,ja,8.832,gentle,,2,3,False,情感温和清晰，但时长略超8秒建议上限。,
MAY_1361,data/raw/wav/MAY_1361.wav,だからね、もしオカリナが苦しいときは、マユシが力になってあげたいってずっと思ってたんだよ。,ja,10.24,gentle,,3,3,False,情感真挚明确，但10秒时长明显偏长，降低参考分。,
MAY_1362,data/raw/wav/MAY_1362.wav,マヤ氏なんかじゃちっとも役に立たないかもしれないけど。,ja,6.288,sad,,2,2,False,句末为转折接续词，语义不完整且强依赖上下文。,
MAY_1363,data/raw/wav/MAY_1363.wav,やっとマユシはオカリの。,ja,8.768,neutral,,1,2,False,句末助词悬空导致语义不完整，且时长略超建议上限。,
MAY_1364,data/raw/wav/MAY_1364.wav,役に立てたよ。,ja,3.92,gentle,happy,2,4,True,句子完整，表达欣慰与安抚，时长适中。,
MAY_1365,data/raw/wav/MAY_1365.wav,だからね、これ以上辛い顔しないでほしいな。,ja,6.4,gentle,worried,3,5,True,情感明确（关切与温柔），句式完整，时长理想。,
MAY_1366,data/raw/wav/MAY_1366.wav,えっと、おやつ持ってきていい?,ja,3.6,gentle,embarrassed,2,4,True,完整疑问句，带有轻微犹豫与礼貌请求，时长合适。,
MAY_1367,data/raw/wav/MAY_1367.wav,そうだね。,ja,2.528,neutral,,1,2,False,文本过短且为日常附和，缺乏鲜明情绪特征。,
MAY_1368,data/raw/wav/MAY_1368.wav,じゃあ、どうぞ。,ja,1.84,neutral,,1,2,False,时长略低于建议区间，情绪平淡，特征提取价值有限。,日常礼貌用语
MAY_1369,data/raw/wav/MAY_1369.wav,えっ、オカリ。,ja,3.36,worried,,2,4,True,时长适中，语气词明确，情绪指向清晰，适合单句参考。,疑似角色昵称呼唤
MAY_1370,data/raw/wav/MAY_1370.wav,うん。,ja,1.312,neutral,,1,1,False,时长过短，仅为单字应答，缺乏有效语音特征。,简单肯定回应
MAY_1372,data/raw/wav/MAY_1372.wav,お帰りもクリスチャンも苦しんでたんだね。,ja,6.992,sad,serious,3,4,True,时长合适，文本完整且带有明显共情与感慨情绪。,疑似ASR识别有误，但不影响情绪判断
MAY_1373,data/raw/wav/MAY_1373.wav,なのにマユシはのん気にコスを作ってた。,ja,5.936,gentle,,2,4,True,时长适中，句子结构完整，语气平稳温和，适合作为参考。,叙述性台词
MAY_1374,data/raw/wav/MAY_1374.wav,こんなのバカみたいだよ。,ja,3.44,other,worried,3,4,True,文本完整，情绪明确（抱怨/无奈），时长在理想区间内。,
MAY_1375,data/raw/wav/MAY_1375.wav,マユコ氏は何も知らなかった。,ja,4.832,neutral,,1,2,False,旁白陈述句，缺乏角色对话情绪，上下文依赖强，不适合单句参考。,
MAY_1376,data/raw/wav/MAY_1376.wav,クリスちゃんに会いに行かなきゃ。,ja,4.528,serious,worried,3,4,True,文本完整，表达明确意图与轻微紧迫感，时长适中。,
MAY_1377,data/raw/wav/MAY_1377.wav,ねえオカリ、クリスチャンに会いたいよ。,ja,4.064,gentle,sad,3,4,True,情感表达清晰（思念/柔和），句子完整独立，时长合适。,
MAY_1378,data/raw/wav/MAY_1378.wav,あ。,ja,1.632,neutral,,2,1,False,时长明显过短且为单字感叹词，信息量不足，不适合作为参考。,
MAY_1380,data/raw/wav/MAY_1380.wav,クリスちゃん。,ja,1.68,neutral,,1,1,False,仅称呼名字，文本不完整且时长过短，缺乏明确情绪。,时长低于2秒下限。
MAY_1381,data/raw/wav/MAY_1381.wav,マヤしいはね。クリスちゃんがいなくなるの、やだよ。,ja,6.352,sad,worried,4,5,True,文本完整，情感明确表达不舍与担忧，时长适中。,适合做情感参考。
MAY_1382,data/raw/wav/MAY_1382.wav,マヤ神のためなんかに消えたりしないでね。,ja,5.616,serious,worried,4,5,True,句式完整，语气恳切严肃，时长符合标准。,情感指向明确。
MAY_1383,data/raw/wav/MAY_1383.wav,マユシだってクリスちゃんを犠牲にしてまで生きていたくないよ。,ja,6.688,sad,serious,4,5,True,表达强烈的拒绝与悲伤，语义完整，时长合适。,情绪饱满，适合参考。
MAY_1384,data/raw/wav/MAY_1384.wav,でも、でも。,ja,3.456,worried,,2,2,False,仅为转折词残句，严重依赖上下文，不适合作为独立参考。,语义不完整。
MAY_1385,data/raw/wav/MAY_1385.wav,え。,ja,1.424,other,,2,1,False,文本仅为单字感叹词，缺乏完整语义与上下文，且时长明显短于建议区间。,
MAY_1386,data/raw/wav/MAY_1386.wav,でもクリスちゃんがいなくなったらマユシイは悲しいよ。,ja,6.976,sad,worried,4,5,True,句子完整，明确表达悲伤与担忧情绪，时长处于理想区间，非常适合作为参考。,
MAY_1387,data/raw/wav/MAY_1387.wav,そういう問題じゃないもん!クリスさんが消えちゃうのが嫌なんだもん!,ja,5.934,worried,sad,5,5,True,情感强烈且明确，句式完整独立，时长合适，适合表现高情绪强度。,
MAY_1388,data/raw/wav/MAY_1388.wav,ねえ、やめよう。クリスさんが消えることないよ。,ja,6.064,gentle,serious,3,5,True,语气安抚且语义完整，情感清晰温和，时长在理想区间内。,
MAY_1389,data/raw/wav/MAY_1389.wav,クリスちゃん、行かないで、行かないでよ。,ja,6.208,sad,worried,4,5,True,挽留语句情感饱满，结构完整，时长适中，适合参考。,
MAY_1390,data/raw/wav/MAY_1390.wav,うっ、うっ、うっ。,ja,6.0,sad,,4,2,False,纯拟声词/抽泣声，缺乏完整语义，不适合作为语音推理参考。,情绪明显但文本不完整
MAY_1391,data/raw/wav/MAY_1391.wav,ごめんなさい。ごめんなさい。ごめんなさい。,ja,8.288,sad,worried,4,3,False,文本完整，反复道歉情绪明确，时长略超但仍在可用范围。,适合作为悲伤/愧疚情绪的参考
MAY_1392,data/raw/wav/MAY_1392.wav,ほかり。,ja,5.344,neutral,,1,2,False,仅含称呼，缺乏完整语境与明确情绪，不适合单句参考。,需结合上下文判断
MAY_1393,data/raw/wav/MAY_1393.wav,ほかりんの本当の気持ち聞きたいよ。,ja,7.408,gentle,,3,5,True,句子完整，情感倾向明确（关切/温柔），时长适中，非常适合作为参考。,语气推测为温和询问
MAY_1394,data/raw/wav/MAY_1394.wav,おカリンが心の中で思ってることは素直な言葉で聞きたいよ。,ja,9.856,serious,gentle,3,3,False,文本完整且情绪明确，但时长明显偏长，可能影响节奏参考，酌情降分。,语气较为认真/恳切
MAY_1395,data/raw/wav/MAY_1395.wav,マユシイはね、もう重荷になりたくないから。,ja,6.464,sad,worried,3,4,True,文本完整，情感明确（不想成为负担的伤感与担忧），时长合适。,
MAY_1396,data/raw/wav/MAY_1396.wav,うわー、ありがとう、オカリ。ありがとう。,ja,7.44,happy,excited,4,5,True,文本完整，情绪饱满（开心与感谢），时长合适，非常适合作为参考。,
MAY_1397,data/raw/wav/MAY_1397.wav,いつも見てた怖い夢も。,ja,4.384,worried,,2,2,False,句子为残句（以助词も结尾），上下文依赖强，不适合作为独立参考。,
MAY_1398,data/raw/wav/MAY_1398.wav,そこに出てくるかっこいいオカリナも。,ja,4.689,neutral,,2,2,False,句子为残句（以助词も结尾），依赖前文，独立参考性差。,
MAY_1399,data/raw/wav/MAY_1399.wav,きっと夢なんかじゃなかったんだね。,ja,4.144,gentle,happy,3,4,True,文本完整，情感温和明确（感慨与释然），时长合适。,
MAY_1400,data/raw/wav/MAY_1400.wav,ずっとマユシを助けようとしてくれてたんだね。,ja,5.424,gentle,,3,5,True,文本完整独立，情感温和明确，时长适中，适合作为参考。,
MAY_1401,data/raw/wav/MAY_1401.wav,ねえ、ほかりん、まゆしいはね、ほかりんのこと。,ja,9.168,gentle,embarrassed,2,2,False,句子未说完且依赖上下文，时长超出理想区间，不适合独立参考。,残句/语气停顿多
MAY_1402,data/raw/wav/MAY_1402.wav,大好きだよ。,ja,1.392,happy,,4,2,False,情感明确但时长过短，缺乏完整语调起伏，不适合作为单句参考。,时长不足2秒
MAY_1403,data/raw/wav/MAY_1403.wav,おかリンがいてくれるからマユシイは毎日笑っていられるんだよ。,ja,6.736,happy,,4,5,True,文本完整，情感积极饱满，时长在理想区间内，非常适合作为参考。,
MAY_1404,data/raw/wav/MAY_1404.wav,これからもずっと一緒にいていい?,ja,4.672,gentle,worried,3,4,True,疑问句式完整，情感柔和明确，时长合适，适合作为参考。,
MAY_1406,data/raw/wav/MAY_1406.wav,あのねマヨシイは幸せになるよ。,ja,7.752,gentle,,3,4,True,文本完整独立，语气温柔安抚，时长在理想区间内。,
MAY_1407,data/raw/wav/MAY_1407.wav,クリスちゃんと約束したから。,ja,4.24,serious,,3,3,True,句末为因果接续词，略有上下文依赖，但语义完整，时长合适。,
MAY_1408,data/raw/wav/MAY_1408.wav,幸せにしてください。,ja,3.664,gentle,,3,4,True,祈使句完整，情感明确柔和，时长适中，适合单句参考。,
MAY_1409,data/raw/wav/MAY_1409.wav,離さないでください。,ja,2.368,worried,,4,4,True,情感诉求明确，带有轻微不安与依赖，时长合理。,
MAY_1410,data/raw/wav/MAY_1410.wav,ずっと大好きでいさせてください。,ja,3.904,gentle,,4,5,True,情感饱满且句式完整独立，时长极佳，非常适合作为推理参考。,
MAY_1411,data/raw/wav/MAY_1411.wav,お帰り。,ja,1.472,gentle,,2,2,False,文本过短且时长不足2秒，缺乏足够的情绪展开空间。,常见日常问候，信息量较少。
MAY_1412,data/raw/wav/MAY_1412.wav,おかりーどうしたの?,ja,2.64,gentle,worried,3,4,True,时长合适，语气自然连贯，包含问候与关切，情绪指向明确。,“おかり”可能为特定称呼或口误，但不影响整体参考性。
MAY_1413,data/raw/wav/MAY_1413.wav,うん?なになに?,ja,1.936,happy,excited,3,3,False,时长略低于2秒，文本为语气词与短句组合，独立性较弱。,偏向口语化反应，适合作为补充素材。
MAY_1414,data/raw/wav/MAY_1414.wav,零零四。オカリオカリラボ名はね、オカリとマユシとダルくんの三人しかいないよ。,ja,11.936,neutral,serious,2,2,False,时长明显超出8秒上限，且包含较多专有名词与背景设定说明。,句子较长，上下文依赖较强，不适合作为单句音色参考。
MAY_1415,data/raw/wav/MAY_1415.wav,お帰り。何か悲しいことがあったんだね。,ja,5.6,gentle,"sad,worried",3,5,True,时长完美落在建议区间，文本完整且情感递进清晰，极具参考价值。,同理心表达明确，利于模型捕捉细腻语气变化。
MAY_1416,data/raw/wav/MAY_1416.wav,マユシはね、オカリの力になってあげたいよ。,ja,5.616,gentle,"happy,serious",3,5,True,文本完整，情感明确且温柔，时长适中，非常适合作为参考。,
MAY_1417,data/raw/wav/MAY_1417.wav,お帰り。泣かないで。,ja,3.408,gentle,worried,3,5,True,句子完整，带有安慰与温柔的情绪，时长合适，适合参考。,
MAY_1418,data/raw/wav/MAY_1418.wav,マユシはずっと一緒だよ。,ja,4.096,gentle,serious,3,5,True,表达坚定的陪伴意愿，情感清晰完整，时长理想。,
MAY_1419,data/raw/wav/MAY_1419.wav,これまでみたいにずっと。,ja,3.568,gentle,neutral,2,3,False,语义依赖前文，单独作为参考句略显不完整，降低评分。,上下文依赖较强
MAY_1420,data/raw/wav/MAY_1420.wav,オカリ。,ja,2.048,neutral,,1,2,False,仅为称呼，缺乏完整语义与明确情绪，不适合作为单句参考。,信息量不足
MAY_1421,data/raw/wav/MAY_1421.wav,ああああ。,ja,4.128,other,,2,2,False,纯语气词，情绪与语义指向不明确，缺乏完整语句结构。,
MAY_1422,data/raw/wav/MAY_1422.wav,うわー。,ja,1.328,excited,,3,1,False,时长明显过短且仅为单一感叹词，不适合作为参考。,
MAY_1423,data/raw/wav/MAY_1423.wav,お帰り迎えに来てくれたんだね。,ja,4.843,gentle,happy,3,5,True,句子完整，情绪温和明确，时长处于理想区间，非常适合作为参考。,
MAY_1424,data/raw/wav/MAY_1424.wav,マユシイのことわざわざ待っててくれるなんて、うん嬉しいよ。,ja,9.195,happy,gentle,4,3,False,语义完整且情绪饱满，但时长略超8秒上限，酌情降分。,
MAY_1425,data/raw/wav/MAY_1425.wav,へへへ。,ja,1.232,teasing,,2,1,False,仅为笑声，时长过短且缺乏完整语义，不适合参考。,
MAY_1426,data/raw/wav/MAY_1426.wav,あのねマユシはオカリのひと時から恋人にクラスチェンジしたんだよね。,ja,7.472,happy,teasing,3,4,True,文本完整独立，语气轻松带点俏皮，时长符合标准。,
MAY_1427,data/raw/wav/MAY_1427.wav,よかった夢じゃないんだ。,ja,5.04,happy,gentle,3,5,True,情感明确（安心/喜悦），句子独立完整，时长极佳。,
MAY_1428,data/raw/wav/MAY_1428.wav,でもねラボだってすっごく熱いよ。,ja,5.296,excited,,4,5,True,情绪积极饱满，表达完整，时长标准，非常适合作参考。,
MAY_1429,data/raw/wav/MAY_1429.wav,ここにいるよ。,ja,1.6,gentle,,2,2,False,时长仅1.6秒，明显低于建议下限，难以提取完整声学特征。,
MAY_1430,data/raw/wav/MAY_1430.wav,オカリ熱いって言ってたでしょだからね一緒に食べようと思って。,ja,8.656,gentle,,2,3,False,时长略超上限，且为口语化长句，上下文依赖较强，单句参考适配度一般。,
MAY_1432,data/raw/wav/MAY_1432.wav,ええ、でもね、溶けちゃうんじゃないかな。,ja,4.704,worried,gentle,2,4,True,文本完整，语气带轻微担忧，时长在理想区间内。,
MAY_1433,data/raw/wav/MAY_1433.wav,そっか、うんしょうがないよね手を繋いでたら食べられないもんね。,ja,7.968,gentle,neutral,2,4,True,句子完整且语义清晰，语气自然温和，时长接近上限但仍可用。,
MAY_1434,data/raw/wav/MAY_1434.wav,マユシだってね、離さないよ。,ja,3.84,gentle,serious,3,5,True,情感明确且完整，时长适中，非常适合作为单句参考。,
MAY_1435,data/raw/wav/MAY_1435.wav,ねえねえオカリ。,ja,1.771,excited,happy,3,2,False,时长明显过短且为呼唤残句，缺乏完整语义，不适合作为参考。,
MAY_1436,data/raw/wav/MAY_1436.wav,あのね起きているのに夢を見たことってある。,ja,5.344,neutral,gentle,2,4,True,疑问句结构完整，语气自然，时长合适。,
MAY_1437,data/raw/wav/MAY_1437.wav,そういうふうに呼ぶの。おかり物知りだね。,ja,4.832,gentle,teasing,2,4,True,文本完整独立，时长在理想区间，语气轻松自然，适合作为参考。,
MAY_1438,data/raw/wav/MAY_1438.wav,あのねそれが誰だかわからないんだけどマユシイにはとても大切なお友達がいた気がするの。,ja,9.488,sad,worried,3,2,False,时长超标，偏向背景叙述且上下文依赖较强，不适合作为单句参考。,
MAY_1439,data/raw/wav/MAY_1439.wav,その大切なお友達のことを考えるとね、すごく切なくなって胸のあたりがきゅうってなるんだ。,ja,10.187,sad,,4,2,False,时长明显过长，虽情感明确但句子偏长，不利于短音频推理。,
MAY_1440,data/raw/wav/MAY_1440.wav,たまにね声も聞こえるんだよ。,ja,3.445,gentle,sad,2,3,True,时长合适，语义完整，情绪平稳带怀念感，可作为参考。,
MAY_1441,data/raw/wav/MAY_1441.wav,幸せになりなさいって。,ja,2.88,gentle,serious,3,4,True,时长理想，短句情感真挚明确，独立性强，非常适合作为参考。,
MAY_1442,data/raw/wav/MAY_1442.wav,その人がそう言ってくれたからね。まゆしいは今こうして、おかりんと一緒にいられるのかもしれないね。,ja,9.088,gentle,happy,2,3,False,文本完整且情感温和感恩，但时长略超建议上限，需留意语速控制。,偏长，适合做长句参考
MAY_1443,data/raw/wav/MAY_1443.wav,もし会えたら、ありがとうって言いたいな。,ja,4.48,gentle,,2,5,True,时长适中，语义完整独立，情感温和明确，非常适合作为参考。,
MAY_1444,data/raw/wav/MAY_1444.wav,その人誰だったのかな。,ja,3.52,neutral,worried,2,4,True,句子完整且时长合适，情绪为中性偏好奇，单句可用性高。,轻微依赖上下文，但独立表达清晰
MAY_1445,data/raw/wav/MAY_1445.wav,そっか、神様ありがとう。,ja,4.912,happy,gentle,3,5,True,情感明确（感激与释然），时长标准，独立性强，极适合作参考。,
MAY_1446,data/raw/wav/MAY_1446.wav,マユシはとっても幸せです。,ja,3.712,happy,,4,5,True,直白表达幸福，情绪明确饱满，时长完美，极适合作参考。,
MAY_1447,data/raw/wav/MAY_1447.wav,お帰り。,ja,1.408,gentle,,2,2,False,时长不足2秒，语义过于简短，不适合作为独立参考。,常见问候语
MAY_1448,data/raw/wav/MAY_1448.wav,おかりん、ラボ面には零零四の人はいないよ。,ja,5.52,neutral,,2,4,True,句子完整，时长适中，陈述语气平稳。,日常对话陈述
MAY_1449,data/raw/wav/MAY_1449.wav,オカリ。,ja,1.376,neutral,,1,1,False,仅为称呼，时长过短且缺乏完整语境。,残句/称呼
MAY_1450,data/raw/wav/MAY_1450.wav,もういいんだよ。,ja,2.464,gentle,,3,4,True,语义完整，时长合适，带有安抚或释然情绪。,适合情感参考
MAY_1451,data/raw/wav/MAY_1451.wav,だって今のおかり泣き出しそうな顔してるんだもん。,ja,6.256,worried,gentle,3,5,True,句子完整且情感指向明确，时长理想，非常适合作为参考。,包含明显的情绪描述
MAY_1452,data/raw/wav/MAY_1452.wav,ねえ無理しないで。前にも言ったよね。まゆしいはおかりんの重荷にはなりたくないって。,ja,10.528,worried,gentle,3,3,False,文本完整且关切情绪明确，但时长明显超出建议区间。,建议截取前半段使用
MAY_1453,data/raw/wav/MAY_1453.wav,もうその口調続けなくてもいいんだよ。,ja,5.216,gentle,serious,2,5,True,时长适中，语义独立完整，安抚语气明确，非常适合作为参考。,
MAY_1454,data/raw/wav/MAY_1454.wav,辛いなら普通に戻ってオカリナの心をね、さらけ出してもいいんだよ。,ja,8.512,gentle,worried,3,3,False,情感真挚完整，时长略超上限但仍在可接受范围。,语速偏慢，需注意呼吸停顿
MAY_1455,data/raw/wav/MAY_1455.wav,もうマユシーのことは気にしなくていいから。,ja,5.072,gentle,,2,5,True,时长完美，句子独立完整，宽慰情绪清晰。,
MAY_1456,data/raw/wav/MAY_1456.wav,マユシー は大丈夫だから。,ja,2.656,gentle,sad,2,4,True,时长合适，但句末接续词略带上下文依赖，整体仍清晰可用。,适合作为短促安抚句参考
MAY_1457,data/raw/wav/MAY_1457.wav,お帰りはね、お帰りのために泣いてもいいんだからね。,ja,6.176,gentle,sad,3,5,True,文本完整，语气温柔安抚，时长合适，适合作为参考。,
MAY_1458,data/raw/wav/MAY_1458.wav,何があったのかはわからないけど。,ja,4.112,worried,neutral,2,3,False,句末带转折助词，语境依赖较强，情绪不够独立完整。,
MAY_1459,data/raw/wav/MAY_1459.wav,泣いてもいいんだよ。,ja,2.912,gentle,,3,5,True,句子简短完整，安抚情绪明确，时长适中，非常适合参考。,
MAY_1460,data/raw/wav/MAY_1460.wav,それよりねラボから電子レンジがなくなっちゃったよ。,ja,5.728,neutral,teasing,2,4,True,陈述完整，语气日常自然，时长合适，适合作为中性参考。,
MAY_1461,data/raw/wav/MAY_1461.wav,マヨシーはもうジューシー唐揚げナンバーワンを食べられないのです。,ja,6.112,sad,serious,3,5,True,语义完整，带有遗憾/悲伤色彩，时长标准，适合作为参考。,
MAY_1462,data/raw/wav/MAY_1462.wav,はあああれ何。,ja,2.944,other,,3,4,True,独立短句，时长适中，惊讶疑惑情绪明确，适合参考。,语气词稍显口语化，但整体完整。
MAY_1463,data/raw/wav/MAY_1463.wav,おじさんなの。,ja,1.936,neutral,,2,3,False,句子完整但时长略低于建议下限，情绪平淡中性，可作为基础参考。,时长偏短，需注意语速。
MAY_1464,data/raw/wav/MAY_1464.wav,第三次世界大戦って大変だ大変だよ。,ja,6.944,serious,worried,4,5,True,文本完整独立，时长理想，严肃情绪明确，非常适合作为参考。,
MAY_1465,data/raw/wav/MAY_1465.wav,おカリ、大丈夫?,ja,2.8,worried,gentle,3,4,True,独立疑问句，时长合适，关切情绪明确，适合单句参考。,包含称呼，语境清晰。
MAY_1466,data/raw/wav/MAY_1466.wav,ううわあ、マヨシは死んじゃうの?,ja,4.624,worried,sad,4,5,True,文本完整，担忧情绪强烈明确，时长完美，极适合作为参考。,语气词自然，情感饱满。
MAY_1467,data/raw/wav/MAY_1467.wav,あのねマユシは今の話ちんぷんかんぷんなのです。,ja,6.448,neutral,gentle,2,4,True,句子完整，时长适中，表达角色困惑但语气自然平稳。,典型角色口吻，适合基础音色参考。
MAY_1468,data/raw/wav/MAY_1468.wav,でもねそのマキセさんっていう人はオカリにとってはじ大事な人だったんでしょう。,ja,8.757,gentle,serious,2,3,False,语义完整，语气温和共情，但时长略超建议上限。,语速偏慢，需注意时长对推理的影响。
MAY_1469,data/raw/wav/MAY_1469.wav,だったら頑張るべきだよオカリ。,ja,3.456,gentle,,3,5,True,时长完美，句子独立完整，鼓励语气明确，极适合作为参考。,
MAY_1470,data/raw/wav/MAY_1470.wav,オカリ絶対帰ってきてね。行ったまま戻ってこなかったら嫌だよ。,ja,7.968,worried,sad,4,5,True,情感饱满且明确，时长合适，独立成句，非常适合作为情绪参考。,包含担忧与依恋情绪。
MAY_1471,data/raw/wav/MAY_1471.wav,オカリ。,ja,1.024,neutral,,1,1,False,文本过短且缺乏完整语义，时长远低于建议区间，不适合作为单句参考。,仅称呼，信息量不足。
MAY_1472,data/raw/wav/MAY_1472.wav,オカリ。,ja,1.44,neutral,,1,1,False,文本仅为短词，语义不完整，时长不足2秒。,
MAY_1473,data/raw/wav/MAY_1473.wav,ほこり大丈夫しっかりして死なないで。,ja,5.04,worried,sad,4,4,True,句子完整，情绪明确（担忧与恳求），时长适中。,
MAY_1474,data/raw/wav/MAY_1474.wav,オカリ。,ja,1.536,neutral,,1,1,False,文本仅为称呼或短语，缺乏完整语境，时长过短。,
MAY_1475,data/raw/wav/MAY_1475.wav,ああ。,ja,1.248,neutral,,1,1,False,仅为单音节感叹词，情绪指向不明，时长不足。,
MAY_1476,data/raw/wav/MAY_1476.wav,お帰りは途中で諦める人じゃないよ。,ja,5.44,serious,gentle,3,4,True,语义完整，语气坚定且带有鼓励意味，时长符合标准。,原文“お帰りは”疑似“お前は”的识别误差，但整体句式完整可用。
MAY_1477,data/raw/wav/MAY_1477.wav,マユシは知ってるもん。いつもね、絶対に最後まで諦めたりしない。,ja,7.984,gentle,,3,5,True,文本完整独立，时长处于理想区间，情感温和坚定，非常适合作为参考。,
MAY_1478,data/raw/wav/MAY_1478.wav,覚えてるマユシーがおばあちゃんのお墓の前で毎日助けてって心の中でつぶやいていた時。,ja,11.584,sad,,2,2,False,时长明显超标，偏向回忆叙述，上下文依赖较强。,句子较长，信息密度高
MAY_1479,data/raw/wav/MAY_1479.wav,ほかりんも毎日マユシーに会いに来てくれたよね。,ja,5.792,gentle,,2,4,True,时长适中，句子完整，语气温和自然，适合日常对话参考。,
MAY_1480,data/raw/wav/MAY_1480.wav,雨の日も雪の日も諦めずにマユシの横に来てマユシの名前ずっと呼び続けてくれたよね。,ja,11.6,gentle,,3,2,False,时长过长，描述性过强且依赖前后语境，不适合作为单句参考。,
MAY_1481,data/raw/wav/MAY_1481.wav,マユシイはね、オカリが最後までそばにいてくれたから、おばあちゃんとはしっかりお別れすることができたんだよ。,ja,11.28,gentle,,3,2,False,时长超标，属于解释说明型长句，情感表达较依赖语境。,
MAY_1482,data/raw/wav/MAY_1482.wav,ねえ、だからオカリ、マユシはよくわからないけど、諦めちゃダメだよ。,ja,9.744,gentle,,3,2,False,时长超出建议区间，且包含特定角色称呼，上下文依赖较强。,长句适合连贯对话，但不适合单句初筛。
MAY_1483,data/raw/wav/MAY_1483.wav,元気出してほしいよ。,ja,4.448,gentle,,3,5,True,时长适中，语义完整，鼓励语气明确，非常适合作为参考。,
MAY_1484,data/raw/wav/MAY_1484.wav,お帰り。,ja,1.68,gentle,,2,2,False,时长过短，情绪表达空间有限，信息量较低。,日常问候语，缺乏独立参考价值。
MAY_1485,data/raw/wav/MAY_1485.wav,オカリ、メールが。,ja,2.944,neutral,,2,2,False,句子为残句，依赖上下文，情绪指向不明确。,省略句，不适合独立参考。
MAY_1486,data/raw/wav/MAY_1486.wav,テレビってどういうことなのかな。,ja,4.048,neutral,,2,4,True,时长合适，疑问句式完整，语气清晰，适合作为参考。,情绪偏平淡疑惑，但结构完整。
MAY_1487,data/raw/wav/MAY_1487.wav,オカリ一行こう。,ja,2.528,happy,,2,4,True,句子完整，语气自然，时长合适，适合作为日常对话参考。,
MAY_1488,data/raw/wav/MAY_1488.wav,ああああああ。,ja,1.984,other,,3,2,False,纯语气词缺乏明确语义，时长略短且情绪指向模糊，不适合作为独立参考。,
MAY_1489,data/raw/wav/MAY_1489.wav,あの時なくしたメタルパラ。ほらほら見て、まゆしのサインが入ってる。,ja,7.856,excited,happy,4,4,True,语义完整，带有展示物品的兴奋感，时长在合理区间内。,包含两句但连贯自然
MAY_1491,data/raw/wav/MAY_1491.wav,ロシアじゃ返してもらいにいけないよ。,ja,5.296,serious,,3,5,True,句子结构完整，语气肯定，时长适中，非常适合作为陈述句参考。,
MAY_1492,data/raw/wav/MAY_1492.wav,きっとそうだよ。あのね、なんとなくおかりんに似てる気がするもん。,ja,6.88,gentle,neutral,2,4,True,口语化表达自然完整，带有推测与亲近感，时长合适。,
MAY_1493,data/raw/wav/MAY_1493.wav,わはは十五年後のおかり声が渋くなってるよ。,ja,5.904,happy,teasing,3,4,True,文本完整，带有明显笑声与调侃语气，时长适中。,适合表现开朗或打趣的语调
MAY_1494,data/raw/wav/MAY_1494.wav,でもねでもね、マユシーはこっちのオカリナの方が好きだよ。,ja,5.6,gentle,happy,2,4,True,表达个人喜好，语气自然亲切，句子结构完整。,重复的“でもね”体现角色口癖，适合日常对话参考
MAY_1495,data/raw/wav/MAY_1495.wav,ほういん京馬はね、昔マユシのことも助けてくれたんだよ。,ja,6.752,gentle,serious,2,4,True,陈述过往事实，语气温和且信息完整，无上下文依赖。,适合平稳叙述类语音参考
MAY_1496,data/raw/wav/MAY_1496.wav,だから今度もね、きっとマキセクリスさんを助けられるよ。,ja,5.792,gentle,happy,3,4,True,表达鼓励与信任，情感明确正向，时长符合标准。,适合表现坚定或安慰的语气
MAY_1497,data/raw/wav/MAY_1497.wav,それはねえっとねえマユシもさっぱりなのです。,ja,7.056,neutral,embarrassed,2,3,True,带有语气词与犹豫感，表达困惑，情绪明确但略有停顿。,填充词较多，可能影响纯净度，但仍具参考价值
MAY_1498,data/raw/wav/MAY_1498.wav,おお。,ja,1.104,neutral,,1,1,False,文本仅为单音节感叹词，语义不完整，且时长明显低于2秒下限。,仅适合作为语气词补充素材。
MAY_1499,data/raw/wav/MAY_1499.wav,ええそうだったんだ。,ja,3.584,gentle,neutral,2,4,True,语义完整，表达恍然大悟的平静语气，时长适中。,适合日常对话参考。
MAY_1500,data/raw/wav/MAY_1500.wav,お帰りー、取ってきたよー。,ja,3.76,happy,gentle,3,5,True,语义完整，情绪明确为开心迎接，时长标准，非常适合参考。,语气词拉长体现轻松愉快氛围。
MAY_1501,data/raw/wav/MAY_1501.wav,はい、これでよかったかな。,ja,2.976,gentle,worried,2,4,True,句子完整，带有轻微不确定与温和询问的语气，时长合适。,适合表现角色细心或略带忐忑的日常状态。
MAY_1502,data/raw/wav/MAY_1502.wav,へへへ、おかりんの役に立ててね、まゆしいも嬉しいよ。,ja,6.376,happy,"excited,teasing",4,5,True,情绪饱满明确，语义完整，时长在理想区间内，极具代表性。,包含笑声与角色自称，适合提取开心/活泼音色特征。
MAY_1503,data/raw/wav/MAY_1503.wav,ああそれとねついでにこれも。,ja,3.531,neutral,,2,3,True,日常口语补充说明，时长合适，情绪平稳自然。,略带上下文依赖，但整体完整可用。
MAY_1504,data/raw/wav/MAY_1504.wav,バナナだよ。,ja,1.888,neutral,,2,2,False,句子过短且情绪平淡，时长低于推荐区间。,仅适合基础发音参考。
MAY_1505,data/raw/wav/MAY_1505.wav,オカリナ。,ja,1.408,neutral,,1,1,False,仅为孤立名词，缺乏完整语境与情绪表达，时长过短。,不适合单句参考。
MAY_1506,data/raw/wav/MAY_1506.wav,きっと帰ってきてね。,ja,1.824,gentle,worried,3,3,False,情感明确完整，虽略短但具备独立参考价值。,语气偏温柔带点牵挂。
MAY_1507,data/raw/wav/MAY_1507.wav,わはあライネットだ。,ja,3.36,excited,happy,4,4,True,情绪鲜明饱满，时长适中，独立成句。,适合做高情绪参考。
MAY_1508,data/raw/wav/MAY_1508.wav,うわー ルーパだよ。,ja,3.04,happy,excited,3,4,True,文本完整，带有惊喜与喜爱情绪，时长适中，适合作为参考。,
MAY_1509,data/raw/wav/MAY_1509.wav,レアじゃないけどねすごくかわいいでしょ。まゆしはウーパのことが大好きなのです。,ja,7.888,happy,gentle,3,4,True,情感表达完整明确，充满喜爱，时长在合理区间内，适合参考。,
MAY_1510,data/raw/wav/MAY_1510.wav,ああオカリ。,ja,2.256,neutral,,2,2,False,文本过短且为单纯称呼，情绪指向不明，高度依赖上下文。,
MAY_1511,data/raw/wav/MAY_1511.wav,トゥトゥルー おかえり。,ja,2.864,happy,gentle,3,4,True,问候语完整，情绪明朗欢快，时长合适，适合作为参考。,
MAY_1512,data/raw/wav/MAY_1512.wav,うん、前も言ったよ。,ja,2.704,neutral,,2,3,True,句子完整但具较强对话上下文依赖，情绪平稳，可作为中性语气参考。,
MAY_1512_2,data/raw/wav/MAY_1512_2.wav,おかりんも食べる 大喜利はに一個あげる。,ja,4.928,happy,,2,4,True,文本完整，语气轻松日常，时长合适。,
MAY_1513,data/raw/wav/MAY_1513.wav,ちょっと古いけどね、まだ十分使えるよ。,ja,4.496,gentle,,2,5,True,语义完整独立，语气自然温和，非常适合作为参考。,
MAY_1514,data/raw/wav/MAY_1514.wav,それよりオカリオカリひどいよ。,ja,4.112,teasing,,3,3,True,带有转折和轻微吐槽语气，单句可独立使用。,“それより”略带上下文依赖
MAY_1515,data/raw/wav/MAY_1515.wav,今日どうしてマユシに一言も言わずに退院しちゃったの。,ja,5.52,worried,,3,4,True,疑问句式完整，带有明显的关切情绪，适合参考。,
MAY_1516,data/raw/wav/MAY_1516.wav,マユシとダル君で病院に行ったらもう退院しましたって看護師さんに言われちゃったんだから。,ja,8.096,neutral,,2,3,False,句子偏长且偏叙述性，时长略超建议上限，但仍为完整独立句。,时长8.096秒，信息量较大
MAY_1517,data/raw/wav/MAY_1517.wav,おしめのお世話もしてあげたのに。,ja,3.536,gentle,teasing,2,4,True,文本完整，时长适中，带有轻微的抱怨与温柔情绪，适合作为参考。,语气偏日常互动
MAY_1518,data/raw/wav/MAY_1518.wav,本当?ありがとうカイ。頑張ってお世話してあげた甲斐があったよ。えへへ。,ja,8.224,happy,gentle,3,3,False,情绪明确为开心与感激，句子完整，但时长略超建议区间，故略微降分。,包含笑声拟声词，适合表现活泼语气
MAY_1519,data/raw/wav/MAY_1519.wav,わーかわいいね。,ja,3.648,excited,happy,3,5,True,短句情绪饱满明确，时长完美，非常适合作为参考。,
MAY_1520,data/raw/wav/MAY_1520.wav,これから毎日つけておかなきゃ。そうしないとラボに入れてもらえないもんね。,ja,6.848,serious,neutral,2,4,True,文本完整，表达决心与日常陈述，时长合适，情绪稳定。,偏日常陈述
MAY_1521,data/raw/wav/MAY_1521.wav,でもおカリ、あのねマヨシイはこのピンバッジのデザインを見せてもらった時から一つだけわからないことがあるのです。,ja,11.024,serious,worried,2,2,False,时长明显超出建议区间，且包含口语停顿词，作为单句参考稍显冗长。,建议截取后半段使用
MAY_1522,data/raw/wav/MAY_1522.wav,文字が書いてあるでしょう。O S H M K U F A二千十って。,ja,10.512,neutral,,1,2,False,文本为客观指认与念读，情绪平淡；时长10.5秒超出推荐区间，且含特定编码，通用参考适配性较低。,
